taxid,Location,Lat,Long
taxid100834,HongKong,22.25,114.18
taxid100835,HongKong,22.25,114.18
taxid100836,HongKong,22.25,114.18
taxid100837,HongKong,22.25,114.18
taxid100838,HongKong,22.25,114.18
taxid100840,HongKong,22.25,114.18
taxid100841,HongKong,22.25,114.18
taxid100850,HongKong,22.25,114.18
taxid100853,HongKong,22.25,114.18
taxid100854,HongKong,22.25,114.18
taxid107423,HongKong,22.25,114.18
taxid107424,HongKong,22.25,114.18
taxid130763,HongKong,22.25,114.18
taxid132612,HongKong,22.25,114.18
taxid135658,HongKong,22.25,114.18
taxid135659,HongKong,22.25,114.18
taxid135660,HongKong,22.25,114.18
taxid135661,HongKong,22.25,114.18
taxid155218,HongKong,22.25,114.18
taxid155219,HongKong,22.25,114.18
taxid155220,HongKong,22.25,114.18
taxid155222,HongKong,22.25,114.18
taxid155223,HongKong,22.25,114.18
taxid155224,HongKong,22.25,114.18
taxid155225,HongKong,22.25,114.18
taxid155226,HongKong,22.25,114.18
taxid155227,HongKong,22.25,114.18
taxid165512,Guangdong,23,113
taxid173721,OtherWorld,0,0
taxid176671,HongKong,22.25,114.18
taxid176672,HongKong,22.25,114.18
taxid176673,HongKong,22.25,114.18
taxid176674,HongKong,22.25,114.18
taxid176675,HongKong,22.25,114.18
taxid176676,HongKong,22.25,114.18
taxid176677,HongKong,22.25,114.18
taxid176850,HongKong,22.25,114.18
taxid176851,HongKong,22.25,114.18
taxid182781,HongKong,22.25,114.18
taxid182782,HongKong,22.25,114.18
taxid186166,HongKong,22.25,114.18
taxid186167,HongKong,22.25,114.18
taxid186168,HongKong,22.25,114.18
taxid196425,HongKong,22.25,114.18
taxid196426,HongKong,22.25,114.18
taxid196427,HongKong,22.25,114.18
taxid196428,HongKong,22.25,114.18
taxid196430,HongKong,22.25,114.18
taxid196432,HongKong,22.25,114.18
taxid196433,HongKong,22.25,114.18
taxid196434,HongKong,22.25,114.18
taxid196435,HongKong,22.25,114.18
taxid196436,HongKong,22.25,114.18
taxid196437,HongKong,22.25,114.18
taxid196438,HongKong,22.25,114.18
taxid196439,HongKong,22.25,114.18
taxid196440,HongKong,22.25,114.18
taxid196441,HongKong,22.25,114.18
taxid196442,HongKong,22.25,114.18
taxid196443,HongKong,22.25,114.18
taxid196444,HongKong,22.25,114.18
taxid196445,HongKong,22.25,114.18
taxid196446,HongKong,22.25,114.18
taxid196447,HongKong,22.25,114.18
taxid196448,HongKong,22.25,114.18
taxid196450,HongKong,22.25,114.18
taxid197012,Henan,31.34,112.98
taxid222140,HongKong,22.25,114.18
taxid222142,HongKong,22.25,114.18
taxid222144,HongKong,22.25,114.18
taxid222146,HongKong,22.25,114.18
taxid222147,HongKong,22.25,114.18
taxid261268,Vietnam,16.17,107.83
taxid261666,OtherChina,35,105
taxid266093,Japan,36,138
taxid266827,Thailand,15,100
taxid266828,Thailand,15,100
taxid269177,Vietnam,16.17,107.83
taxid269178,Vietnam,16.17,107.83
taxid270223,Thailand,15,100
taxid270485,Thailand,15,100
taxid270486,Thailand,15,100
taxid270491,Thailand,15,100
taxid270510,Vietnam,16.17,107.83
taxid270511,Vietnam,16.17,107.83
taxid270936,Thailand,15,100
taxid270945,Thailand,15,100
taxid274827,Fujian,26.55,117.84
taxid274828,Fujian,26.55,117.84
taxid274829,Fujian,26.55,117.84
taxid274830,Fujian,26.55,117.84
taxid274831,Guangdong,23,113
taxid274832,Guangdong,23,113
taxid274833,Guangdong,23,113
taxid274834,Guangdong,23,113
taxid274835,Guangdong,23,113
taxid274836,Guangxi,24,109
taxid274837,Guangxi,24,109
taxid274838,Guangxi,24,109
taxid274839,Guangxi,24,109
taxid274840,Guangxi,24,109
taxid274841,Shanghai,31.2,121.44
taxid274842,Shanghai,31.2,121.44
taxid274843,Shanghai,31.2,121.44
taxid274844,Shanghai,31.2,121.44
taxid274845,Shanghai,31.2,121.44
taxid274846,OtherChina,35,105
taxid274848,OtherChina,35,105
taxid279728,Guangdong,23,113
taxid279794,HongKong,22.25,114.18
taxid279795,HongKong,22.25,114.18
taxid279796,HongKong,22.25,114.18
taxid279797,HongKong,22.25,114.18
taxid279798,HongKong,22.25,114.18
taxid279799,HongKong,22.25,114.18
taxid279800,HongKong,22.25,114.18
taxid279801,HongKong,22.25,114.18
taxid279802,HongKong,22.25,114.18
taxid279803,HongKong,22.25,114.18
taxid279804,HongKong,22.25,114.18
taxid279805,HongKong,22.25,114.18
taxid282663,OtherChina,35,105
taxid283659,Thailand,15,100
taxid283660,Thailand,15,100
taxid284166,Thailand,15,100
taxid284167,HongKong,22.25,114.18
taxid284168,HongKong,22.25,114.18
taxid284169,HongKong,22.25,114.18
taxid284170,HongKong,22.25,114.18
taxid284171,HongKong,22.25,114.18
taxid284172,HongKong,22.25,114.18
taxid284173,HongKong,22.25,114.18
taxid284174,HongKong,22.25,114.18
taxid284175,HongKong,22.25,114.18
taxid284176,HongKong,22.25,114.18
taxid284177,HongKong,22.25,114.18
taxid284178,HongKong,22.25,114.18
taxid284179,Indonesia,-5,120
taxid284180,Indonesia,-5,120
taxid284181,Indonesia,-5,120
taxid284182,Indonesia,-5,120
taxid284183,Indonesia,-5,120
taxid284184,OtherChina,35,105
taxid284185,Thailand,15,100
taxid284186,Thailand,15,100
taxid284187,Thailand,15,100
taxid284188,Vietnam,16.17,107.83
taxid284189,Vietnam,16.17,107.83
taxid284190,Vietnam,16.17,107.83
taxid284191,Vietnam,16.17,107.83
taxid284192,Vietnam,16.17,107.83
taxid284193,Vietnam,16.17,107.83
taxid284194,Vietnam,16.17,107.83
taxid284195,OtherChina,35,105
taxid284196,OtherChina,35,105
taxid284197,OtherChina,35,105
taxid284198,OtherChina,35,105
taxid284199,OtherChina,35,105
taxid284200,Indonesia,-5,120
taxid284201,OtherChina,35,105
taxid284203,Thailand,15,100
taxid284204,Vietnam,16.17,107.83
taxid284205,OtherChina,35,105
taxid284206,OtherChina,35,105
taxid284207,HongKong,22.25,114.18
taxid284208,HongKong,22.25,114.18
taxid284209,HongKong,22.25,114.18
taxid284210,Thailand,15,100
taxid284211,HongKong,22.25,114.18
taxid284212,OtherChina,35,105
taxid284213,Thailand,15,100
taxid284214,HongKong,22.25,114.18
taxid284215,OtherChina,35,105
taxid284216,HongKong,22.25,114.18
taxid284217,Vietnam,16.17,107.83
taxid284218,Vietnam,16.17,107.83
taxid284219,Vietnam,16.17,107.83
taxid284220,Vietnam,16.17,107.83
taxid285712,Jilin,43.85,126.55
taxid287864,OtherChina,35,105
taxid287865,Hubei,36.55,114.13
taxid287866,Thailand,15,100
taxid288028,Hubei,36.55,114.13
taxid291365,Japan,36,138
taxid291366,Japan,36,138
taxid291592,Japan,36,138
taxid291593,Japan,36,138
taxid291634,Vietnam,16.17,107.83
taxid295670,Fujian,26.55,117.84
taxid295671,Fujian,26.55,117.84
taxid297793,Thailand,15,100
taxid298603,Hubei,36.55,114.13
taxid299129,Thailand,15,100
taxid299387,Vietnam,16.17,107.83
taxid299388,Vietnam,16.17,107.83
taxid299619,Thailand,15,100
taxid299620,Thailand,15,100
taxid300113,Vietnam,16.17,107.83
taxid300118,Vietnam,16.17,107.83
taxid300123,Vietnam,16.17,107.83
taxid301241,Thailand,15,100
taxid303316,Vietnam,16.17,107.83
taxid303922,OtherAsia,18,105
taxid303923,HongKong,22.25,114.18
taxid303924,OtherAsia,18,105
taxid303925,HongKong,22.25,114.18
taxid304337,Hubei,36.55,114.13
taxid305398,Thailand,15,100
taxid305847,Hunan,26.86,117.49
taxid307154,Thailand,15,100
taxid307622,OtherChina,35,105
taxid309834,Guangdong,23,113
taxid309836,Guangdong,23,113
taxid309837,Guangdong,23,113
taxid310538,Thailand,15,100
taxid311555,Vietnam,16.17,107.83
taxid311556,Vietnam,16.17,107.83
taxid319101,Henan,31.34,112.98
taxid319102,Henan,31.34,112.98
taxid319103,Henan,31.34,112.98
taxid319104,Henan,31.34,112.98
taxid319105,Guangdong,23,113
taxid319106,Guangxi,24,109
taxid320306,OtherWorld,0,0
taxid322564,Thailand,15,100
taxid322565,Thailand,15,100
taxid322566,Thailand,15,100
taxid322567,Thailand,15,100
taxid326031,HongKong,22.25,114.18
taxid326198,OtherChina,35,105
taxid326490,Japan,36,138
taxid327048,Japan,36,138
taxid329180,OtherWorld,0,0
taxid329182,OtherWorld,0,0
taxid329183,OtherWorld,0,0
taxid329266,OtherChina,35,105
taxid329384,OtherWorld,0,0
taxid332192,Henan,31.34,112.98
taxid336092,Qinghai,30.9,101.04
taxid336093,Qinghai,30.9,101.04
taxid336094,Qinghai,30.9,101.04
taxid336095,Qinghai,30.9,101.04
taxid336232,Qinghai,30.9,101.04
taxid336233,Qinghai,30.9,101.04
taxid336234,Qinghai,30.9,101.04
taxid336235,Qinghai,30.9,101.04
taxid336236,Qinghai,30.9,101.04
taxid336237,Qinghai,30.9,101.04
taxid336238,Qinghai,30.9,101.04
taxid336239,Qinghai,30.9,101.04
taxid336240,Qinghai,30.9,101.04
taxid336241,Qinghai,30.9,101.04
taxid336242,Qinghai,30.9,101.04
taxid336243,Qinghai,30.9,101.04
taxid336244,Yunnan,25,102
taxid336245,Yunnan,25,102
taxid336246,Guangdong,23,113
taxid336247,Guangdong,23,113
taxid336248,Guangdong,23,113
taxid336249,Fujian,26.55,117.84
taxid336250,Hunan,26.86,117.49
taxid336251,Hunan,26.86,117.49
taxid337309,Henan,31.34,112.98
taxid337310,Henan,31.34,112.98
taxid337311,Henan,31.34,112.98
taxid337312,Henan,31.34,112.98
taxid337590,Thailand,15,100
taxid337591,Thailand,15,100
taxid337592,Thailand,15,100
taxid337593,Thailand,15,100
taxid337594,Thailand,15,100
taxid337595,Thailand,15,100
taxid337596,Thailand,15,100
taxid337597,Thailand,15,100
taxid337598,Thailand,15,100
taxid337599,Thailand,15,100
taxid337600,Thailand,15,100
taxid337601,Thailand,15,100
taxid337602,Thailand,15,100
taxid337603,Thailand,15,100
taxid337604,Thailand,15,100
taxid337605,Thailand,15,100
taxid337606,Thailand,15,100
taxid337607,Thailand,15,100
taxid337608,Thailand,15,100
taxid337609,Thailand,15,100
taxid337610,Thailand,15,100
taxid337611,Thailand,15,100
taxid337612,Thailand,15,100
taxid337613,Thailand,15,100
taxid337614,Thailand,15,100
taxid337615,Thailand,15,100
taxid337616,Thailand,15,100
taxid337617,Thailand,15,100
taxid337618,Thailand,15,100
taxid337619,Thailand,15,100
taxid337620,Thailand,15,100
taxid337621,Thailand,15,100
taxid337622,Thailand,15,100
taxid337623,Thailand,15,100
taxid337624,Thailand,15,100
taxid337625,Thailand,15,100
taxid340012,Vietnam,16.17,107.83
taxid344595,Mongolia,46,105
taxid344596,Mongolia,46,105
taxid344597,Mongolia,46,105
taxid344598,Mongolia,46,105
taxid345295,Qinghai,30.9,101.04
taxid348156,OtherChina,35,105
taxid348599,Henan,31.34,112.98
taxid348600,Henan,31.34,112.98
taxid348601,Henan,31.34,112.98
taxid348602,OtherChina,35,105
taxid352375,Vietnam,16.17,107.83
taxid353252,Novosibirsk,55.04,82.93
taxid353253,Novosibirsk,55.04,82.93
taxid354085,Thailand,15,100
taxid354086,Thailand,15,100
taxid357205,HongKong,22.25,114.18
taxid357207,Vietnam,16.17,107.83
taxid357208,Vietnam,16.17,107.83
taxid357209,Vietnam,16.17,107.83
taxid357210,Vietnam,16.17,107.83
taxid357211,Vietnam,16.17,107.83
taxid357212,Vietnam,16.17,107.83
taxid357213,Vietnam,16.17,107.83
taxid363744,OtherWorld,0,0
taxid365068,Fujian,26.55,117.84
taxid365069,Fujian,26.55,117.84
taxid365070,Guangxi,24,109
taxid365071,Guangxi,24,109
taxid365072,Guangxi,24,109
taxid365073,Guangxi,24,109
taxid365074,Guangxi,24,109
taxid365075,Guangxi,24,109
taxid365076,Guangxi,24,109
taxid365077,Guangxi,24,109
taxid365078,Guangxi,24,109
taxid365079,Guangxi,24,109
taxid365080,Guangxi,24,109
taxid365081,Guangxi,24,109
taxid365082,Guangxi,24,109
taxid365083,Guangxi,24,109
taxid365084,Guangxi,24,109
taxid365085,Guangxi,24,109
taxid365086,Guangxi,24,109
taxid365087,Guangxi,24,109
taxid365088,Guangxi,24,109
taxid365089,Guangxi,24,109
taxid365090,Guangxi,24,109
taxid365091,Guangxi,24,109
taxid365092,Guangxi,24,109
taxid365093,Guangxi,24,109
taxid365094,Guangdong,23,113
taxid365095,Hunan,26.86,117.49
taxid365096,Hunan,26.86,117.49
taxid365097,Hunan,26.86,117.49
taxid365098,Hunan,26.86,117.49
taxid365099,Hunan,26.86,117.49
taxid365100,Hunan,26.86,117.49
taxid365101,Hunan,26.86,117.49
taxid365102,Hunan,26.86,117.49
taxid365103,Hunan,26.86,117.49
taxid365104,Hunan,26.86,117.49
taxid365105,Hunan,26.86,117.49
taxid365106,Hunan,26.86,117.49
taxid365107,Guangdong,23,113
taxid365108,Guangdong,23,113
taxid365109,OtherChina,35,105
taxid365110,OtherChina,35,105
taxid365111,OtherChina,35,105
taxid365112,OtherChina,35,105
taxid365113,OtherChina,35,105
taxid365114,OtherChina,35,105
taxid365115,Qinghai,30.9,101.04
taxid365116,HongKong,22.25,114.18
taxid365120,OtherAsia,18,105
taxid365121,Vietnam,16.17,107.83
taxid365122,Indonesia,-5,120
taxid365123,Indonesia,-5,120
taxid365124,Indonesia,-5,120
taxid365125,Indonesia,-5,120
taxid365126,Indonesia,-5,120
taxid365127,Indonesia,-5,120
taxid365128,OtherAsia,18,105
taxid365129,Vietnam,16.17,107.83
taxid365130,Vietnam,16.17,107.83
taxid365131,Vietnam,16.17,107.83
taxid365132,Vietnam,16.17,107.83
taxid365133,HongKong,22.25,114.18
taxid365134,HongKong,22.25,114.18
taxid365135,HongKong,22.25,114.18
taxid365495,Thailand,15,100
taxid365496,Thailand,15,100
taxid365497,Thailand,15,100
taxid367021,Hebei,30.24,115.18
taxid367023,Hebei,30.24,115.18
taxid367062,Crimea,45,34
taxid367715,Hebei,30.24,115.18
taxid367770,Thailand,15,100
taxid368859,Crimea,45,34
taxid369437,Crimea,45,34
taxid369438,Crimea,45,34
taxid369763,Vietnam,16.17,107.83
taxid369764,Vietnam,16.17,107.83
taxid369765,Vietnam,16.17,107.83
taxid369766,Guangxi,24,109
taxid369773,Guangxi,24,109
taxid370810,OtherChina,35,105
taxid370811,OtherChina,35,105
taxid370812,Guangxi,24,109
taxid370832,Crimea,45,34
taxid370847,Thailand,15,100
taxid370848,Crimea,45,34
taxid372483,Crimea,45,34
taxid373035,Nigeria,10,8
taxid373132,Crimea,45,34
taxid373513,Italy,42.83,12.83
taxid374074,Crimea,45,34
taxid374595,Crimea,45,34
taxid374987,Fujian,26.55,117.84
taxid374988,Fujian,26.55,117.84
taxid374997,Iraq,33,44
taxid374998,Iraq,33,44
taxid374999,Iraq,33,44
taxid375457,OtherWorld,0,0
taxid375753,OtherAsia,18,105
taxid376614,Egypt,27,30
taxid376709,Italy,42.83,12.83
taxid376721,OtherWorld,0,0
taxid376722,OtherWorld,0,0
taxid376899,Mongolia,46,105
taxid378045,OtherWorld,0,0
taxid378547,OtherWorld,0,0
taxid378550,Egypt,27,30
taxid380792,Vietnam,16.17,107.83
taxid380793,Vietnam,16.17,107.83
taxid380794,Vietnam,16.17,107.83
taxid380795,Vietnam,16.17,107.83
taxid380796,Indonesia,-5,120
taxid380797,Indonesia,-5,120
taxid380798,Indonesia,-5,120
taxid380799,Indonesia,-5,120
taxid380800,Indonesia,-5,120
taxid380801,Indonesia,-5,120
taxid380802,Indonesia,-5,120
taxid380803,Indonesia,-5,120
taxid380805,Indonesia,-5,120
taxid380806,Indonesia,-5,120
taxid380807,Indonesia,-5,120
taxid380808,Indonesia,-5,120
taxid380809,Indonesia,-5,120
taxid380810,Indonesia,-5,120
taxid380811,Indonesia,-5,120
taxid380812,Indonesia,-5,120
taxid380813,Indonesia,-5,120
taxid380814,Indonesia,-5,120
taxid380815,Indonesia,-5,120
taxid380816,Indonesia,-5,120
taxid380817,Indonesia,-5,120
taxid380818,Indonesia,-5,120
taxid380819,Vietnam,16.17,107.83
taxid380820,Vietnam,16.17,107.83
taxid380821,Vietnam,16.17,107.83
taxid380822,Vietnam,16.17,107.83
taxid380823,Vietnam,16.17,107.83
taxid380824,Vietnam,16.17,107.83
taxid380825,Vietnam,16.17,107.83
taxid380826,Vietnam,16.17,107.83
taxid380827,Vietnam,16.17,107.83
taxid380828,Vietnam,16.17,107.83
taxid380829,Vietnam,16.17,107.83
taxid380830,Vietnam,16.17,107.83
taxid380831,Vietnam,16.17,107.83
taxid380832,Vietnam,16.17,107.83
taxid380833,Vietnam,16.17,107.83
taxid380834,Vietnam,16.17,107.83
taxid380835,Vietnam,16.17,107.83
taxid380836,Vietnam,16.17,107.83
taxid380837,Vietnam,16.17,107.83
taxid380838,Vietnam,16.17,107.83
taxid380839,Vietnam,16.17,107.83
taxid380840,Indonesia,-5,120
taxid380841,Vietnam,16.17,107.83
taxid380842,Vietnam,16.17,107.83
taxid380843,Vietnam,16.17,107.83
taxid380844,Vietnam,16.17,107.83
taxid380845,Vietnam,16.17,107.83
taxid380846,Vietnam,16.17,107.83
taxid380847,Vietnam,16.17,107.83
taxid380848,Vietnam,16.17,107.83
taxid380849,Vietnam,16.17,107.83
taxid380850,Vietnam,16.17,107.83
taxid380851,Vietnam,16.17,107.83
taxid380852,Vietnam,16.17,107.83
taxid380853,Vietnam,16.17,107.83
taxid380854,Vietnam,16.17,107.83
taxid380855,Vietnam,16.17,107.83
taxid380856,Vietnam,16.17,107.83
taxid380857,Vietnam,16.17,107.83
taxid380858,Vietnam,16.17,107.83
taxid380860,Vietnam,16.17,107.83
taxid380861,Vietnam,16.17,107.83
taxid380862,Vietnam,16.17,107.83
taxid380863,Vietnam,16.17,107.83
taxid380864,Vietnam,16.17,107.83
taxid380865,Vietnam,16.17,107.83
taxid380866,Indonesia,-5,120
taxid380867,Indonesia,-5,120
taxid380868,Vietnam,16.17,107.83
taxid380869,Vietnam,16.17,107.83
taxid380870,Indonesia,-5,120
taxid380871,Indonesia,-5,120
taxid380872,Vietnam,16.17,107.83
taxid381000,Indonesia,-5,120
taxid382642,OtherChina,35,105
taxid382643,Hubei,36.55,114.13
taxid384064,Thailand,15,100
taxid384845,OtherWorld,0,0
taxid385215,Nigeria,10,8
taxid385216,Nigeria,10,8
taxid385217,Nigeria,10,8
taxid385218,Nigeria,10,8
taxid385219,Nigeria,10,8
taxid385220,Nigeria,10,8
taxid385221,Nigeria,10,8
taxid386438,OtherWorld,0,0
taxid387904,Niger_,16,8
taxid388110,OtherAsia,18,105
taxid389218,OtherWorld,0,0
taxid389220,Crimea,45,34
taxid389221,OtherWorld,0,0
taxid389222,Indonesia,-5,120
taxid389226,Indonesia,-5,120
taxid390720,OtherChina,35,105
taxid391617,OtherWorld,0,0
taxid391628,Mongolia,46,105
taxid391954,Crimea,45,34
taxid391955,Crimea,45,34
taxid392001,Qinghai,30.9,101.04
taxid392002,Qinghai,30.9,101.04
taxid392003,Qinghai,30.9,101.04
taxid392751,OtherChina,35,105
taxid392752,Indonesia,-5,120
taxid392753,Indonesia,-5,120
taxid392754,Vietnam,16.17,107.83
taxid392755,Vietnam,16.17,107.83
taxid392756,Vietnam,16.17,107.83
taxid392757,Vietnam,16.17,107.83
taxid392758,Vietnam,16.17,107.83
taxid392759,Vietnam,16.17,107.83
taxid393058,OtherChina,35,105
taxid393170,Niger_,16,8
taxid393171,Niger_,16,8
taxid393174,Italy,42.83,12.83
taxid393294,Egypt,27,30
taxid393295,Egypt,27,30
taxid393296,Egypt,27,30
taxid393297,Egypt,27,30
taxid393316,CotedIvoire,8,-5
taxid393616,OtherAsia,18,105
taxid394194,OtherWorld,0,0
taxid394195,OtherWorld,0,0
taxid394327,OtherAsia,18,105
taxid394329,OtherAsia,18,105
taxid395335,Egypt,27,30
taxid395336,Sudan,15,30
taxid395337,Sudan,15,30
taxid395338,Sudan,15,30
taxid395339,Egypt,27,30
taxid396336,Crimea,45,34
taxid396337,Crimea,45,34
taxid396338,Crimea,45,34
taxid396339,OtherWorld,0,0
taxid396340,Crimea,45,34
taxid396341,Crimea,45,34
taxid396342,Crimea,45,34
taxid397458,Novosibirsk,55.04,82.93
taxid398317,Thailand,15,100
taxid398325,Thailand,15,100
taxid398328,Thailand,15,100
taxid398581,OtherChina,35,105
taxid399312,OtherWorld,0,0
taxid399313,OtherWorld,0,0
taxid399785,Guangdong,23,113
taxid399786,Guangdong,23,113
taxid400253,Nigeria,10,8
taxid400254,Nigeria,10,8
taxid400256,Italy,42.83,12.83
taxid400257,CotedIvoire,8,-5
taxid400258,CotedIvoire,8,-5
taxid400259,Sudan,15,30
taxid400260,Sudan,15,30
taxid400261,OtherWorld,0,0
taxid400262,OtherWorld,0,0
taxid400263,Vietnam,16.17,107.83
taxid400264,Vietnam,16.17,107.83
taxid400265,Vietnam,16.17,107.83
taxid400266,Vietnam,16.17,107.83
taxid400267,Vietnam,16.17,107.83
taxid400268,Vietnam,16.17,107.83
taxid400269,Vietnam,16.17,107.83
taxid400270,Vietnam,16.17,107.83
taxid400271,Vietnam,16.17,107.83
taxid400273,Vietnam,16.17,107.83
taxid400274,Vietnam,16.17,107.83
taxid400275,Vietnam,16.17,107.83
taxid400276,Vietnam,16.17,107.83
taxid400283,Nigeria,10,8
taxid400284,Nigeria,10,8
taxid400285,Nigeria,10,8
taxid400286,Nigeria,10,8
taxid400287,Nigeria,10,8
taxid400288,Nigeria,10,8
taxid400788,Indonesia,-5,120
taxid400789,Indonesia,-5,120
taxid400790,Indonesia,-5,120
taxid400791,Indonesia,-5,120
taxid400792,Indonesia,-5,120
taxid400793,Indonesia,-5,120
taxid400794,Indonesia,-5,120
taxid400795,Indonesia,-5,120
taxid400796,Indonesia,-5,120
taxid400797,Indonesia,-5,120
taxid400798,Indonesia,-5,120
taxid400799,Indonesia,-5,120
taxid400800,Indonesia,-5,120
taxid400801,Indonesia,-5,120
taxid400802,Indonesia,-5,120
taxid400803,Indonesia,-5,120
taxid400804,Indonesia,-5,120
taxid400805,Indonesia,-5,120
taxid400806,Indonesia,-5,120
taxid400807,Indonesia,-5,120
taxid400808,Indonesia,-5,120
taxid400809,Indonesia,-5,120
taxid400810,Indonesia,-5,120
taxid400811,Indonesia,-5,120
taxid400812,Indonesia,-5,120
taxid400813,Indonesia,-5,120
taxid400814,Indonesia,-5,120
taxid400815,Indonesia,-5,120
taxid400816,Indonesia,-5,120
taxid400817,Indonesia,-5,120
taxid400818,Indonesia,-5,120
taxid400819,Indonesia,-5,120
taxid400820,Indonesia,-5,120
taxid400821,Indonesia,-5,120
taxid400822,Indonesia,-5,120
taxid400823,Indonesia,-5,120
taxid400824,Indonesia,-5,120
taxid400825,Indonesia,-5,120
taxid400826,Indonesia,-5,120
taxid400827,Indonesia,-5,120
taxid400828,Indonesia,-5,120
taxid400829,Indonesia,-5,120
taxid400830,Indonesia,-5,120
taxid400831,Indonesia,-5,120
taxid400832,Indonesia,-5,120
taxid400833,Indonesia,-5,120
taxid400834,Indonesia,-5,120
taxid401565,Indonesia,-5,120
taxid401566,Indonesia,-5,120
taxid401567,Indonesia,-5,120
taxid402527,OtherWorld,0,0
taxid404142,Henan,31.34,112.98
taxid404146,Hubei,36.55,114.13
taxid404147,Hubei,36.55,114.13
taxid404148,Hubei,36.55,114.13
taxid404149,Hubei,36.55,114.13
taxid404151,Hubei,36.55,114.13
taxid404155,Hunan,26.86,117.49
taxid404156,OtherChina,35,105
taxid404159,Jilin,43.85,126.55
taxid404160,Jilin,43.85,126.55
taxid404162,Jilin,43.85,126.55
taxid404164,Jilin,43.85,126.55
taxid404166,Jilin,43.85,126.55
taxid404169,Jilin,43.85,126.55
taxid404170,Jilin,43.85,126.55
taxid404171,Jilin,43.85,126.55
taxid404172,Jilin,43.85,126.55
taxid404173,Jilin,43.85,126.55
taxid404174,Jilin,43.85,126.55
taxid404177,Guangxi,24,109
taxid404178,Hubei,36.55,114.13
taxid404179,Hubei,36.55,114.13
taxid404182,Shanghai,31.2,121.44
taxid404183,OtherChina,35,105
taxid404184,Fujian,26.55,117.84
taxid404185,Guangdong,23,113
taxid404186,Jilin,43.85,126.55
taxid404187,Guangxi,24,109
taxid404188,OtherChina,35,105
taxid404189,OtherChina,35,105
taxid404190,Guangxi,24,109
taxid404191,Henan,31.34,112.98
taxid404408,OtherChina,35,105
taxid404906,OtherWorld,0,0
taxid404907,OtherWorld,0,0
taxid404908,OtherWorld,0,0
taxid404909,OtherWorld,0,0
taxid404910,OtherWorld,0,0
taxid404911,OtherWorld,0,0
taxid404912,OtherWorld,0,0
taxid404913,OtherWorld,0,0
taxid404914,OtherWorld,0,0
taxid404915,OtherWorld,0,0
taxid404916,OtherWorld,0,0
taxid404917,OtherWorld,0,0
taxid404918,OtherWorld,0,0
taxid404919,OtherWorld,0,0
taxid404920,OtherWorld,0,0
taxid404921,OtherWorld,0,0
taxid404922,OtherWorld,0,0
taxid404923,OtherWorld,0,0
taxid404924,OtherWorld,0,0
taxid404925,OtherWorld,0,0
taxid404926,OtherWorld,0,0
taxid404927,OtherWorld,0,0
taxid404928,OtherWorld,0,0
taxid406790,BurkinaFaso,13,-2
taxid406791,BurkinaFaso,13,-2
taxid406792,BurkinaFaso,13,-2
taxid406793,Nigeria,10,8
taxid406794,Nigeria,10,8
taxid406795,Nigeria,10,8
taxid406796,Nigeria,10,8
taxid406797,Nigeria,10,8
taxid406798,Nigeria,10,8
taxid406799,Nigeria,10,8
taxid407205,OtherWorld,0,0
taxid407369,Egypt,27,30
taxid407394,Guangdong,23,113
taxid407395,HongKong,22.25,114.18
taxid407396,Fujian,26.55,117.84
taxid407397,Fujian,26.55,117.84
taxid407398,Fujian,26.55,117.84
taxid407399,Fujian,26.55,117.84
taxid407400,Fujian,26.55,117.84
taxid407401,Fujian,26.55,117.84
taxid407403,Fujian,26.55,117.84
taxid407405,Guangxi,24,109
taxid407406,Guangxi,24,109
taxid407407,Guangxi,24,109
taxid407408,Guangxi,24,109
taxid407409,Guangxi,24,109
taxid407410,Guangxi,24,109
taxid407411,Guangxi,24,109
taxid407412,Guizhou,27,107
taxid407415,Guizhou,27,107
taxid407418,Guizhou,27,107
taxid407420,Guizhou,27,107
taxid407424,Guizhou,27,107
taxid407425,Guizhou,27,107
taxid407430,Guizhou,27,107
taxid407431,Guizhou,27,107
taxid407433,Guizhou,27,107
taxid407434,Guizhou,27,107
taxid407435,Guizhou,27,107
taxid407436,HongKong,22.25,114.18
taxid407437,HongKong,22.25,114.18
taxid407440,Guangdong,23,113
taxid407441,Guangdong,23,113
taxid407442,Guangdong,23,113
taxid407444,HongKong,22.25,114.18
taxid407445,HongKong,22.25,114.18
taxid407446,HongKong,22.25,114.18
taxid407447,HongKong,22.25,114.18
taxid407448,HongKong,22.25,114.18
taxid407452,Fujian,26.55,117.84
taxid407453,Fujian,26.55,117.84
taxid407455,Fujian,26.55,117.84
taxid407456,Fujian,26.55,117.84
taxid407466,Fujian,26.55,117.84
taxid407467,Fujian,26.55,117.84
taxid407468,Fujian,26.55,117.84
taxid407469,Fujian,26.55,117.84
taxid407471,Fujian,26.55,117.84
taxid407475,Guangxi,24,109
taxid407478,Guangxi,24,109
taxid407479,Guangxi,24,109
taxid407480,Guangxi,24,109
taxid407481,Guangxi,24,109
taxid407487,Guangxi,24,109
taxid407489,Guangxi,24,109
taxid407490,Guangxi,24,109
taxid407491,Guangxi,24,109
taxid407492,Guangxi,24,109
taxid407494,Guangxi,24,109
taxid407496,Guangxi,24,109
taxid407499,Guangxi,24,109
taxid407500,Guangxi,24,109
taxid407503,Guangxi,24,109
taxid407504,Guangxi,24,109
taxid407506,Guangxi,24,109
taxid407508,Guangxi,24,109
taxid407512,Guangxi,24,109
taxid407515,Guangxi,24,109
taxid407518,Guangxi,24,109
taxid407521,Guangxi,24,109
taxid407523,Guangxi,24,109
taxid407525,Guangxi,24,109
taxid407528,Guangxi,24,109
taxid407530,Guangxi,24,109
taxid407531,Guangxi,24,109
taxid407532,Guangxi,24,109
taxid407533,Guangxi,24,109
taxid407536,Guizhou,27,107
taxid407540,Guizhou,27,107
taxid407555,Guizhou,27,107
taxid407564,Guizhou,27,107
taxid407566,Guizhou,27,107
taxid407573,Guizhou,27,107
taxid407582,Guizhou,27,107
taxid407586,Guizhou,27,107
taxid407587,Guizhou,27,107
taxid407605,Hunan,26.86,117.49
taxid407607,Hunan,26.86,117.49
taxid407613,Hunan,26.86,117.49
taxid407617,Hunan,26.86,117.49
taxid407622,Hunan,26.86,117.49
taxid407625,Hunan,26.86,117.49
taxid407627,Guangdong,23,113
taxid407628,Yunnan,25,102
taxid407642,Yunnan,25,102
taxid407645,Yunnan,25,102
taxid407647,Yunnan,25,102
taxid407648,Yunnan,25,102
taxid407649,Yunnan,25,102
taxid407656,Yunnan,25,102
taxid407661,Yunnan,25,102
taxid407663,Yunnan,25,102
taxid407664,Guangxi,24,109
taxid407665,Guangxi,24,109
taxid407667,Guangxi,24,109
taxid407669,Guangxi,24,109
taxid407671,Guangxi,24,109
taxid407672,Guangxi,24,109
taxid407673,Guangxi,24,109
taxid407675,Guangxi,24,109
taxid407677,Guangxi,24,109
taxid407681,Guangxi,24,109
taxid407682,Guangxi,24,109
taxid407684,Guangxi,24,109
taxid407686,Guangxi,24,109
taxid407688,Guizhou,27,107
taxid407689,Guizhou,27,107
taxid407713,Guizhou,27,107
taxid407715,Guizhou,27,107
taxid407734,Guangdong,23,113
taxid407736,Guangdong,23,113
taxid407738,Guangdong,23,113
taxid407739,Guangdong,23,113
taxid407741,Guangdong,23,113
taxid407744,Yunnan,25,102
taxid407745,Yunnan,25,102
taxid407746,Yunnan,25,102
taxid407748,Yunnan,25,102
taxid407750,Yunnan,25,102
taxid407768,Yunnan,25,102
taxid407773,Yunnan,25,102
taxid407774,Yunnan,25,102
taxid407775,Yunnan,25,102
taxid407778,Yunnan,25,102
taxid407788,Yunnan,25,102
taxid407789,Yunnan,25,102
taxid407790,Yunnan,25,102
taxid407791,Yunnan,25,102
taxid407793,HongKong,22.25,114.18
taxid407794,HongKong,22.25,114.18
taxid407795,HongKong,22.25,114.18
taxid407796,HongKong,22.25,114.18
taxid407797,HongKong,22.25,114.18
taxid407798,Guangdong,23,113
taxid407799,HongKong,22.25,114.18
taxid407800,HongKong,22.25,114.18
taxid407801,HongKong,22.25,114.18
taxid408165,Thailand,15,100
taxid408166,Thailand,15,100
taxid408167,Thailand,15,100
taxid408205,OtherAsia,18,105
taxid408206,OtherAsia,18,105
taxid409924,Egypt,27,30
taxid409925,Egypt,27,30
taxid409926,Egypt,27,30
taxid409927,Egypt,27,30
taxid409928,Egypt,27,30
taxid409929,Egypt,27,30
taxid409930,Egypt,27,30
taxid409931,Egypt,27,30
taxid409942,Egypt,27,30
taxid409944,Egypt,27,30
taxid413711,Mongolia,46,105
taxid413883,Vietnam,16.17,107.83
taxid414044,Thailand,15,100
taxid414668,Indonesia,-5,120
taxid414669,Indonesia,-5,120
taxid414670,Indonesia,-5,120
taxid415313,Indonesia,-5,120
taxid415314,Indonesia,-5,120
taxid415315,Indonesia,-5,120
taxid415316,Indonesia,-5,120
taxid415684,OtherWorld,0,0
taxid415685,OtherWorld,0,0
taxid415686,OtherWorld,0,0
taxid415687,OtherWorld,0,0
taxid415688,OtherWorld,0,0
taxid415689,OtherWorld,0,0
taxid415690,OtherWorld,0,0
taxid415691,OtherWorld,0,0
taxid415692,OtherWorld,0,0
taxid415693,OtherWorld,0,0
taxid415694,OtherWorld,0,0
taxid415695,OtherWorld,0,0
taxid415696,OtherWorld,0,0
taxid415697,OtherWorld,0,0
taxid415698,OtherWorld,0,0
taxid415699,OtherWorld,0,0
taxid415700,OtherWorld,0,0
taxid415701,OtherWorld,0,0
taxid415702,OtherWorld,0,0
taxid415937,Thailand,15,100
taxid415938,Thailand,15,100
taxid415939,Thailand,15,100
taxid415940,Thailand,15,100
taxid415941,Thailand,15,100
taxid415942,Thailand,15,100
taxid415963,OtherWorld,0,0
taxid416367,Vietnam,16.17,107.83
taxid418868,Egypt,27,30
taxid418869,Egypt,27,30
taxid421466,Indonesia,-5,120
taxid421467,Indonesia,-5,120
taxid421468,Indonesia,-5,120
taxid421469,Indonesia,-5,120
taxid421471,Indonesia,-5,120
taxid421472,Indonesia,-5,120
taxid421473,Indonesia,-5,120
taxid421474,Indonesia,-5,120
taxid421475,Indonesia,-5,120
taxid421476,Indonesia,-5,120
taxid421477,Indonesia,-5,120
taxid421901,Egypt,27,30
taxid425624,OtherWorld,0,0
taxid426013,OtherWorld,0,0
taxid426014,OtherWorld,0,0
taxid426642,Egypt,27,30
taxid426643,Egypt,27,30
taxid426644,Egypt,27,30
taxid426645,Egypt,27,30
taxid426646,Egypt,27,30
taxid426647,Egypt,27,30
taxid426783,Thailand,15,100
taxid426784,Thailand,15,100
taxid427425,OtherWorld,0,0
taxid427426,OtherWorld,0,0
taxid427773,Thailand,15,100
taxid427888,OtherAsia,18,105
taxid427889,Vietnam,16.17,107.83
taxid427890,Vietnam,16.17,107.83
taxid427891,Vietnam,16.17,107.83
taxid427892,Vietnam,16.17,107.83
taxid427893,Vietnam,16.17,107.83
taxid428662,Vietnam,16.17,107.83
taxid428667,Thailand,15,100
taxid428668,Vietnam,16.17,107.83
taxid428669,Thailand,15,100
taxid430058,OtherWorld,0,0
taxid430432,Indonesia,-5,120
taxid430433,Indonesia,-5,120
taxid430434,OtherAsia,18,105
taxid430436,OtherAsia,18,105
taxid430438,OtherAsia,18,105
taxid430439,OtherAsia,18,105
taxid430440,OtherAsia,18,105
taxid430490,OtherWorld,0,0
taxid430595,Egypt,27,30
taxid430596,Egypt,27,30
taxid430597,Egypt,27,30
taxid430598,Egypt,27,30
taxid430599,Egypt,27,30
taxid430600,Egypt,27,30
taxid430601,Egypt,27,30
taxid430602,Egypt,27,30
taxid430603,Egypt,27,30
taxid430604,Egypt,27,30
taxid430605,Egypt,27,30
taxid430655,OtherWorld,0,0
taxid430656,OtherWorld,0,0
taxid430657,OtherWorld,0,0
taxid430658,OtherWorld,0,0
taxid430661,OtherWorld,0,0
taxid430663,OtherWorld,0,0
taxid430724,Thailand,15,100
taxid430725,Thailand,15,100
taxid430726,Thailand,15,100
taxid430728,Thailand,15,100
taxid430730,Thailand,15,100
taxid430731,Thailand,15,100
taxid430732,Thailand,15,100
taxid430733,Thailand,15,100
taxid430734,Thailand,15,100
taxid430735,Thailand,15,100
taxid430736,Thailand,15,100
taxid430737,Thailand,15,100
taxid430738,Thailand,15,100
taxid430739,Thailand,15,100
taxid430740,Thailand,15,100
taxid430741,Thailand,15,100
taxid430742,Thailand,15,100
taxid430743,Thailand,15,100
taxid430744,Thailand,15,100
taxid430745,Thailand,15,100
taxid430746,Thailand,15,100
taxid430747,Thailand,15,100
taxid431158,Guangdong,23,113
taxid431919,CotedIvoire,8,-5
taxid431920,CotedIvoire,8,-5
taxid431921,OtherAsia,18,105
taxid431922,Sudan,15,30
taxid431923,OtherAsia,18,105
taxid431924,Egypt,27,30
taxid431925,CotedIvoire,8,-5
taxid431926,OtherAsia,18,105
taxid431927,OtherAsia,18,105
taxid431994,Nigeria,10,8
taxid431995,Nigeria,10,8
taxid431996,Nigeria,10,8
taxid431997,Nigeria,10,8
taxid431998,Nigeria,10,8
taxid431999,Nigeria,10,8
taxid432000,Nigeria,10,8
taxid432001,Nigeria,10,8
taxid432070,HongKong,22.25,114.18
taxid432071,Thailand,15,100
taxid432072,Thailand,15,100
taxid432073,OtherAsia,18,105
taxid432074,OtherAsia,18,105
taxid432075,Vietnam,16.17,107.83
taxid432076,Vietnam,16.17,107.83
taxid432077,Vietnam,16.17,107.83
taxid432078,Vietnam,16.17,107.83
taxid432087,Thailand,15,100
taxid432360,OtherAsia,18,105
taxid432361,OtherAsia,18,105
taxid432362,Vietnam,16.17,107.83
taxid432364,Vietnam,16.17,107.83
taxid433435,Sudan,15,30
taxid434192,Crimea,45,34
taxid434193,Crimea,45,34
taxid434194,OtherWorld,0,0
taxid434195,OtherWorld,0,0
taxid434196,OtherWorld,0,0
taxid434197,OtherWorld,0,0
taxid434198,OtherWorld,0,0
taxid434334,CotedIvoire,8,-5
taxid434913,Thailand,15,100
taxid434914,Thailand,15,100
taxid434915,Thailand,15,100
taxid434916,Thailand,15,100
taxid434917,Thailand,15,100
taxid435894,Vietnam,16.17,107.83
taxid438150,Vietnam,16.17,107.83
taxid438151,Vietnam,16.17,107.83
taxid438152,Vietnam,16.17,107.83
taxid438170,Vietnam,16.17,107.83
taxid438171,Vietnam,16.17,107.83
taxid438173,Vietnam,16.17,107.83
taxid438174,Vietnam,16.17,107.83
taxid438175,Vietnam,16.17,107.83
taxid438176,Vietnam,16.17,107.83
taxid438177,Vietnam,16.17,107.83
taxid438215,Vietnam,16.17,107.83
taxid438516,OtherWorld,0,0
taxid438882,Egypt,27,30
taxid438883,Egypt,27,30
taxid438884,Egypt,27,30
taxid438885,Egypt,27,30
taxid438886,Egypt,27,30
taxid438887,Egypt,27,30
taxid438888,Egypt,27,30
taxid438889,Egypt,27,30
taxid438890,Egypt,27,30
taxid438891,Egypt,27,30
taxid439576,OtherAsia,18,105
taxid439577,OtherAsia,18,105
taxid439578,OtherAsia,18,105
taxid439579,OtherAsia,18,105
taxid439580,OtherAsia,18,105
taxid439581,OtherAsia,18,105
taxid439582,OtherAsia,18,105
taxid439583,OtherAsia,18,105
taxid439584,OtherAsia,18,105
taxid439856,Thailand,15,100
taxid439857,Thailand,15,100
taxid439858,Thailand,15,100
taxid439859,Thailand,15,100
taxid439860,Thailand,15,100
taxid439949,Thailand,15,100
taxid439950,Thailand,15,100
taxid439951,Thailand,15,100
taxid439953,Thailand,15,100
taxid439954,Thailand,15,100
taxid439955,Thailand,15,100
taxid439956,Thailand,15,100
taxid439958,Thailand,15,100
taxid439959,Thailand,15,100
taxid439961,Thailand,15,100
taxid439962,Thailand,15,100
taxid439963,Thailand,15,100
taxid440388,OtherWorld,0,0
taxid440389,OtherWorld,0,0
taxid440390,OtherWorld,0,0
taxid440391,OtherWorld,0,0
taxid441895,OtherAsia,18,105
taxid441896,OtherAsia,18,105
taxid442298,OtherWorld,0,0
taxid442942,Thailand,15,100
taxid442966,Crimea,45,34
taxid444321,Hunan,26.86,117.49
taxid444322,Hubei,36.55,114.13
taxid445027,OtherChina,35,105
taxid446817,OtherWorld,0,0
taxid446818,OtherWorld,0,0
taxid446819,OtherWorld,0,0
taxid447616,OtherChina,35,105
taxid452107,OtherWorld,0,0
taxid452108,OtherWorld,0,0
taxid452109,OtherWorld,0,0
taxid452110,OtherWorld,0,0
taxid452111,OtherWorld,0,0
taxid452112,OtherWorld,0,0
taxid452113,OtherWorld,0,0
taxid452114,OtherWorld,0,0
taxid452115,OtherWorld,0,0
taxid452116,OtherWorld,0,0
taxid452910,Thailand,15,100
taxid452911,Thailand,15,100
taxid454137,OtherWorld,0,0
taxid454138,OtherWorld,0,0
taxid455644,OtherWorld,0,0
taxid455818,OtherWorld,0,0
taxid455819,OtherWorld,0,0
taxid455820,OtherWorld,0,0
taxid455821,OtherWorld,0,0
taxid455822,OtherWorld,0,0
taxid455823,OtherWorld,0,0
taxid455824,OtherWorld,0,0
taxid455825,OtherWorld,0,0
taxid455826,OtherWorld,0,0
taxid455827,OtherWorld,0,0
taxid461350,Egypt,27,30
taxid461351,Egypt,27,30
taxid461352,Egypt,27,30
taxid461353,Egypt,27,30
taxid461354,Egypt,27,30
taxid461355,Egypt,27,30
taxid461356,Egypt,27,30
taxid461357,Egypt,27,30
taxid461358,Egypt,27,30
taxid461359,Egypt,27,30
taxid461360,Egypt,27,30
taxid461837,OtherWorld,0,0
taxid462711,Vietnam,16.17,107.83
taxid462712,Vietnam,16.17,107.83
taxid462713,Vietnam,16.17,107.83
taxid462714,Vietnam,16.17,107.83
taxid462715,Vietnam,16.17,107.83
taxid462716,Vietnam,16.17,107.83
taxid462717,Vietnam,16.17,107.83
taxid462718,Vietnam,16.17,107.83
taxid462719,Vietnam,16.17,107.83
taxid464314,OtherChina,35,105
taxid464315,OtherChina,35,105
taxid464401,Vietnam,16.17,107.83
taxid464442,Indonesia,-5,120
taxid464443,Indonesia,-5,120
taxid464445,OtherAsia,18,105
taxid464446,OtherAsia,18,105
taxid464447,OtherAsia,18,105
taxid464448,OtherAsia,18,105
taxid464449,OtherAsia,18,105
taxid464450,Egypt,27,30
taxid464451,Egypt,27,30
taxid464452,Iraq,33,44
taxid464453,Iraq,33,44
taxid464454,Iraq,33,44
taxid464455,Iraq,33,44
taxid464456,Iraq,33,44
taxid464457,Nigeria,10,8
taxid464458,Egypt,27,30
taxid464459,Egypt,27,30
taxid464460,Egypt,27,30
taxid464500,Indonesia,-5,120
taxid464501,Indonesia,-5,120
taxid464504,Indonesia,-5,120
taxid464505,Indonesia,-5,120
taxid464506,Indonesia,-5,120
taxid464508,Indonesia,-5,120
taxid464509,Indonesia,-5,120
taxid464510,Indonesia,-5,120
taxid464511,Indonesia,-5,120
taxid464512,Indonesia,-5,120
taxid464513,Indonesia,-5,120
taxid464514,Indonesia,-5,120
taxid464515,Indonesia,-5,120
taxid464516,Indonesia,-5,120
taxid464517,Indonesia,-5,120
taxid464518,Indonesia,-5,120
taxid464519,Indonesia,-5,120
taxid464520,Indonesia,-5,120
taxid464521,Indonesia,-5,120
taxid464522,Indonesia,-5,120
taxid464523,Indonesia,-5,120
taxid464524,Indonesia,-5,120
taxid464525,Indonesia,-5,120
taxid464526,Indonesia,-5,120
taxid464527,Indonesia,-5,120
taxid464528,Indonesia,-5,120
taxid464529,Indonesia,-5,120
taxid464530,Indonesia,-5,120
taxid464532,Indonesia,-5,120
taxid464533,Indonesia,-5,120
taxid464536,OtherAsia,18,105
taxid464537,OtherAsia,18,105
taxid464538,OtherAsia,18,105
taxid464539,OtherAsia,18,105
taxid464540,Indonesia,-5,120
taxid464543,Indonesia,-5,120
taxid464544,Indonesia,-5,120
taxid464545,Indonesia,-5,120
taxid464546,Indonesia,-5,120
taxid464548,Indonesia,-5,120
taxid464550,Indonesia,-5,120
taxid464552,Indonesia,-5,120
taxid464554,Indonesia,-5,120
taxid464555,Indonesia,-5,120
taxid464556,Indonesia,-5,120
taxid464559,Indonesia,-5,120
taxid464560,Indonesia,-5,120
taxid464561,Indonesia,-5,120
taxid464563,Indonesia,-5,120
taxid464565,Indonesia,-5,120
taxid464567,Indonesia,-5,120
taxid464569,Indonesia,-5,120
taxid464571,Vietnam,16.17,107.83
taxid464572,Vietnam,16.17,107.83
taxid464573,Indonesia,-5,120
taxid464575,Indonesia,-5,120
taxid464576,Indonesia,-5,120
taxid464577,Indonesia,-5,120
taxid464578,Indonesia,-5,120
taxid464579,Indonesia,-5,120
taxid464580,Indonesia,-5,120
taxid464581,Indonesia,-5,120
taxid464582,Indonesia,-5,120
taxid464583,Indonesia,-5,120
taxid464584,Indonesia,-5,120
taxid464589,Indonesia,-5,120
taxid464592,Indonesia,-5,120
taxid464594,Indonesia,-5,120
taxid464596,Indonesia,-5,120
taxid464597,Indonesia,-5,120
taxid464598,Vietnam,16.17,107.83
taxid464599,Vietnam,16.17,107.83
taxid464600,Vietnam,16.17,107.83
taxid464601,Vietnam,16.17,107.83
taxid464602,Vietnam,16.17,107.83
taxid464603,Vietnam,16.17,107.83
taxid464604,Vietnam,16.17,107.83
taxid464605,Vietnam,16.17,107.83
taxid464606,Vietnam,16.17,107.83
taxid464607,Vietnam,16.17,107.83
taxid464612,Indonesia,-5,120
taxid464613,Indonesia,-5,120
taxid464614,Vietnam,16.17,107.83
taxid464618,Indonesia,-5,120
taxid464619,Indonesia,-5,120
taxid464621,Indonesia,-5,120
taxid464625,Indonesia,-5,120
taxid464630,Indonesia,-5,120
taxid464641,Indonesia,-5,120
taxid465916,OtherWorld,0,0
taxid465921,OtherWorld,0,0
taxid465959,OtherWorld,0,0
taxid465973,OtherWorld,0,0
taxid467100,Nigeria,10,8
taxid467101,Nigeria,10,8
taxid467102,Nigeria,10,8
taxid467103,Nigeria,10,8
taxid467104,Nigeria,10,8
taxid467107,Nigeria,10,8
taxid467108,Nigeria,10,8
taxid467109,Nigeria,10,8
taxid467110,Nigeria,10,8
taxid467111,Nigeria,10,8
taxid467112,Nigeria,10,8
taxid467113,Nigeria,10,8
taxid467114,Nigeria,10,8
taxid467115,Nigeria,10,8
taxid467116,Nigeria,10,8
taxid467117,Nigeria,10,8
taxid467118,Nigeria,10,8
taxid467119,Nigeria,10,8
taxid467120,Nigeria,10,8
taxid467122,Nigeria,10,8
taxid467123,Nigeria,10,8
taxid468948,Indonesia,-5,120
taxid468949,Indonesia,-5,120
taxid468951,Indonesia,-5,120
taxid468952,Indonesia,-5,120
taxid468953,Indonesia,-5,120
taxid468954,Indonesia,-5,120
taxid468955,Indonesia,-5,120
taxid468956,Indonesia,-5,120
taxid468957,Indonesia,-5,120
taxid468958,Indonesia,-5,120
taxid468960,Indonesia,-5,120
taxid468961,Indonesia,-5,120
taxid468962,Indonesia,-5,120
taxid468964,Indonesia,-5,120
taxid468965,Indonesia,-5,120
taxid468966,Indonesia,-5,120
taxid468967,Indonesia,-5,120
taxid468968,Indonesia,-5,120
taxid468969,Indonesia,-5,120
taxid468970,Indonesia,-5,120
taxid468971,Indonesia,-5,120
taxid468972,Indonesia,-5,120
taxid468973,Indonesia,-5,120
taxid468974,Indonesia,-5,120
taxid470315,OtherWorld,0,0
taxid470316,OtherWorld,0,0
taxid471448,Nigeria,10,8
taxid471449,Nigeria,10,8
taxid471450,Nigeria,10,8
taxid471451,Nigeria,10,8
taxid471452,Nigeria,10,8
taxid471453,Nigeria,10,8
taxid471454,Nigeria,10,8
taxid471455,Nigeria,10,8
taxid471456,Nigeria,10,8
taxid471457,Nigeria,10,8
taxid471458,Nigeria,10,8
taxid471459,Nigeria,10,8
taxid472026,Crimea,45,34
taxid472505,Indonesia,-5,120
taxid472506,Indonesia,-5,120
taxid472507,Indonesia,-5,120
taxid472508,Indonesia,-5,120
taxid472509,Indonesia,-5,120
taxid472510,Indonesia,-5,120
taxid472511,Indonesia,-5,120
taxid472512,Indonesia,-5,120
taxid472513,Indonesia,-5,120
taxid472514,Indonesia,-5,120
taxid472515,Indonesia,-5,120
taxid472516,Indonesia,-5,120
taxid476273,Indonesia,-5,120
taxid478046,Egypt,27,30
taxid478047,Egypt,27,30
taxid478048,Egypt,27,30
taxid478049,Egypt,27,30
taxid478050,Egypt,27,30
taxid478051,Egypt,27,30
taxid478052,Egypt,27,30
taxid478053,Egypt,27,30
taxid478054,Egypt,27,30
taxid478055,Egypt,27,30
taxid478056,Egypt,27,30
taxid478057,Egypt,27,30
taxid478517,OtherAsia,18,105
taxid478989,Vietnam,16.17,107.83
taxid478990,Vietnam,16.17,107.83
taxid478992,Vietnam,16.17,107.83
taxid478993,Vietnam,16.17,107.83
taxid479007,Vietnam,16.17,107.83
taxid479008,Vietnam,16.17,107.83
taxid479012,Vietnam,16.17,107.83
taxid479018,Vietnam,16.17,107.83
taxid479022,OtherAsia,18,105
taxid479023,OtherAsia,18,105
taxid479024,OtherAsia,18,105
taxid479025,OtherAsia,18,105
taxid479026,OtherAsia,18,105
taxid479027,OtherAsia,18,105
taxid479028,OtherAsia,18,105
taxid479029,OtherAsia,18,105
taxid479030,OtherAsia,18,105
taxid480919,Thailand,15,100
taxid481608,Thailand,15,100
taxid482239,Guangxi,24,109
taxid482240,Guangxi,24,109
taxid482917,Crimea,45,34
taxid483267,BurkinaFaso,13,-2
taxid483268,BurkinaFaso,13,-2
taxid484390,OtherChina,35,105
taxid486273,OtherWorld,0,0
taxid487485,OtherWorld,0,0
taxid487486,OtherWorld,0,0
taxid487487,OtherWorld,0,0
taxid488062,Hunan,26.86,117.49
taxid488063,Hunan,26.86,117.49
taxid488638,Vietnam,16.17,107.83
taxid488858,OtherWorld,0,0
taxid489823,OtherAsia,18,105
taxid496016,OtherWorld,0,0
taxid496018,Vietnam,16.17,107.83
taxid496019,Vietnam,16.17,107.83
taxid496020,Vietnam,16.17,107.83
taxid496021,Vietnam,16.17,107.83
taxid496022,Vietnam,16.17,107.83
taxid496023,Vietnam,16.17,107.83
taxid496024,Vietnam,16.17,107.83
taxid496025,Vietnam,16.17,107.83
taxid496026,Vietnam,16.17,107.83
taxid496027,Vietnam,16.17,107.83
taxid496028,Vietnam,16.17,107.83
taxid496029,Vietnam,16.17,107.83
taxid496030,Vietnam,16.17,107.83
taxid496031,Vietnam,16.17,107.83
taxid496032,Vietnam,16.17,107.83
taxid496033,Vietnam,16.17,107.83
taxid496034,Vietnam,16.17,107.83
taxid496035,Vietnam,16.17,107.83
taxid496036,Vietnam,16.17,107.83
taxid496037,Vietnam,16.17,107.83
taxid496038,Vietnam,16.17,107.83
taxid496039,Vietnam,16.17,107.83
taxid496040,Vietnam,16.17,107.83
taxid496041,Vietnam,16.17,107.83
taxid496042,Vietnam,16.17,107.83
taxid496043,Vietnam,16.17,107.83
taxid496044,Vietnam,16.17,107.83
taxid496045,Vietnam,16.17,107.83
taxid496046,Vietnam,16.17,107.83
taxid496047,Vietnam,16.17,107.83
taxid496048,Vietnam,16.17,107.83
taxid496049,Vietnam,16.17,107.83
taxid496050,Vietnam,16.17,107.83
taxid496526,Egypt,27,30
taxid496527,Egypt,27,30
taxid496528,Egypt,27,30
taxid496529,Egypt,27,30
taxid496530,Egypt,27,30
taxid496531,Egypt,27,30
taxid496532,Egypt,27,30
taxid496533,Egypt,27,30
taxid496534,Egypt,27,30
taxid496535,Egypt,27,30
taxid496536,Egypt,27,30
taxid496537,Egypt,27,30
taxid496538,Egypt,27,30
taxid496539,Egypt,27,30
taxid496540,Egypt,27,30
taxid496541,Egypt,27,30
taxid496542,Egypt,27,30
taxid496543,Egypt,27,30
taxid496544,Egypt,27,30
taxid496545,Egypt,27,30
taxid496546,Egypt,27,30
taxid496547,Egypt,27,30
taxid496548,Egypt,27,30
taxid496549,Egypt,27,30
taxid496550,Egypt,27,30
taxid496551,Egypt,27,30
taxid496733,Hunan,26.86,117.49
taxid496734,Guangdong,23,113
taxid496735,Guangdong,23,113
taxid496736,Guangdong,23,113
taxid496737,Guangdong,23,113
taxid496738,Guangdong,23,113
taxid496739,Guangdong,23,113
taxid496740,Guangdong,23,113
taxid496741,Guangdong,23,113
taxid496742,Guangdong,23,113
taxid496743,Guangdong,23,113
taxid496744,Yunnan,25,102
taxid496745,Yunnan,25,102
taxid496746,Yunnan,25,102
taxid496747,Yunnan,25,102
taxid496748,Yunnan,25,102
taxid496749,Yunnan,25,102
taxid496750,Yunnan,25,102
taxid496751,Yunnan,25,102
taxid496752,Yunnan,25,102
taxid496753,Yunnan,25,102
taxid496754,Yunnan,25,102
taxid496755,Guangdong,23,113
taxid496756,Hunan,26.86,117.49
taxid496757,Hunan,26.86,117.49
taxid496758,Hunan,26.86,117.49
taxid496759,Hunan,26.86,117.49
taxid496760,Hunan,26.86,117.49
taxid496761,Hunan,26.86,117.49
taxid496762,Hunan,26.86,117.49
taxid496763,Hunan,26.86,117.49
taxid496764,Guangdong,23,113
taxid496765,Guangdong,23,113
taxid496766,Guangdong,23,113
taxid496767,Guangdong,23,113
taxid496768,Guangdong,23,113
taxid496769,Guangdong,23,113
taxid496770,Guangdong,23,113
taxid496771,Guangdong,23,113
taxid496772,Yunnan,25,102
taxid496773,Yunnan,25,102
taxid496774,Yunnan,25,102
taxid496775,Yunnan,25,102
taxid496776,Yunnan,25,102
taxid496777,Yunnan,25,102
taxid496778,Yunnan,25,102
taxid496779,Yunnan,25,102
taxid496780,Yunnan,25,102
taxid496781,Yunnan,25,102
taxid496782,Yunnan,25,102
taxid496783,Yunnan,25,102
taxid496784,Yunnan,25,102
taxid496785,Yunnan,25,102
taxid496786,Yunnan,25,102
taxid496787,Guangdong,23,113
taxid496788,Guangdong,23,113
taxid496789,Guangdong,23,113
taxid496790,Guangdong,23,113
taxid496791,Guangdong,23,113
taxid496792,Guangdong,23,113
taxid496793,Guangdong,23,113
taxid496794,Guangdong,23,113
taxid496795,Guangdong,23,113
taxid496796,Guangdong,23,113
taxid496797,Guangdong,23,113
taxid496798,Guangdong,23,113
taxid496799,Guangdong,23,113
taxid496800,Guangdong,23,113
taxid496801,Guangdong,23,113
taxid496802,Guangdong,23,113
taxid496803,Guangdong,23,113
taxid496804,Guangdong,23,113
taxid497137,OtherWorld,0,0
taxid497505,Egypt,27,30
taxid497506,Egypt,27,30
taxid497507,Egypt,27,30
taxid497508,Egypt,27,30
taxid497509,Egypt,27,30
taxid497811,Egypt,27,30
taxid497812,Egypt,27,30
taxid497813,OtherWorld,0,0
taxid497814,OtherWorld,0,0
taxid497815,Egypt,27,30
taxid498206,OtherAsia,18,105
taxid499088,OtherAsia,18,105
taxid499543,OtherAsia,18,105
taxid499544,OtherAsia,18,105
taxid499545,OtherAsia,18,105
taxid500313,OtherWorld,0,0
taxid501225,OtherWorld,0,0
taxid501226,OtherWorld,0,0
taxid502078,OtherWorld,0,0
taxid502079,OtherAsia,18,105
taxid502080,OtherAsia,18,105
taxid502255,Hunan,26.86,117.49
taxid502256,Hunan,26.86,117.49
taxid503649,OtherWorld,0,0
taxid504445,OtherAsia,18,105
taxid504446,OtherAsia,18,105
taxid504447,OtherAsia,18,105
taxid504448,OtherAsia,18,105
taxid504449,OtherAsia,18,105
taxid504450,OtherAsia,18,105
taxid504451,OtherAsia,18,105
taxid504694,OtherWorld,0,0
taxid504695,OtherWorld,0,0
taxid504696,OtherWorld,0,0
taxid504697,OtherWorld,0,0
taxid504698,OtherWorld,0,0
taxid504700,OtherWorld,0,0
taxid504701,OtherWorld,0,0
taxid504702,OtherWorld,0,0
taxid504703,OtherWorld,0,0
taxid504704,OtherWorld,0,0
taxid504705,OtherWorld,0,0
taxid504706,OtherWorld,0,0
taxid504707,OtherWorld,0,0
taxid504708,OtherWorld,0,0
taxid504710,Egypt,27,30
taxid504711,Egypt,27,30
taxid504712,Egypt,27,30
taxid504713,Egypt,27,30
taxid504714,Egypt,27,30
taxid504715,Egypt,27,30
taxid504716,Egypt,27,30
taxid504717,Egypt,27,30
taxid504718,Egypt,27,30
taxid504719,Egypt,27,30
taxid504720,Egypt,27,30
taxid504721,Egypt,27,30
taxid504722,Egypt,27,30
taxid504723,Egypt,27,30
taxid504724,Egypt,27,30
taxid504725,Egypt,27,30
taxid504726,Egypt,27,30
taxid504727,Egypt,27,30
taxid504912,Thailand,15,100
taxid504913,Thailand,15,100
taxid504914,Thailand,15,100
taxid512761,Shanghai,31.2,121.44
taxid517205,OtherAsia,18,105
taxid518350,OtherChina,35,105
taxid518351,OtherChina,35,105
taxid519099,Thailand,15,100
taxid519100,Thailand,15,100
taxid519101,Thailand,15,100
taxid519102,Thailand,15,100
taxid519103,Thailand,15,100
taxid519104,Thailand,15,100
taxid519105,Thailand,15,100
taxid519106,Thailand,15,100
taxid519107,Thailand,15,100
taxid519108,Thailand,15,100
taxid519109,Thailand,15,100
taxid519110,Thailand,15,100
taxid522257,Egypt,27,30
taxid522258,Egypt,27,30
taxid524864,Yunnan,25,102
taxid524887,OtherAsia,18,105
taxid524889,OtherAsia,18,105
taxid526553,Nigeria,10,8
taxid526554,Nigeria,10,8
taxid526555,Nigeria,10,8
taxid527166,OtherAsia,18,105
taxid527168,Japan,36,138
taxid529020,Japan,36,138
taxid529073,Novosibirsk,55.04,82.93
taxid529611,Egypt,27,30
taxid529612,Egypt,27,30
taxid529613,Egypt,27,30
taxid529614,Egypt,27,30
taxid529615,Egypt,27,30
taxid529616,Egypt,27,30
taxid533297,OtherAsia,18,105
taxid88097,HongKong,22.25,114.18
taxid88103,HongKong,22.25,114.18
taxid88104,HongKong,22.25,114.18
taxid93838,Guangdong,23,113
EPI152044Gisaid,Egypt,27,30
