TSeq_gi,TSeq_accver,TSeq_taxid,TSeq_orgname,Host,Year,Lat,Long,Nation,Location,Wallace&Fitch
4457120,AF102676.1,88097,Influenza A virus (A/HongKong/97/98(H5N1)),human,1998,22.25,114.18,HongKong,HongKong,HongKong
4457124,AF102680.1,88103,Influenza A virus (A/Hong Kong/532/1997(H5N1)),human,1997,22.25,114.18,HongKong,HongKong,HongKong
3421255,AF046097.1,88104,Influenza A virus (A/Hong Kong/483/1997(H5N1)),human,1997,22.25,114.18,HongKong,HongKong,HongKong
5805286,AF144305.1,93838,Influenza A virus (A/Goose/Guangdong/1/96(H5N1)),avian,1996,23,113,China,Guangdong,Guangdong
3335402,AF046080.1,100834,Influenza A virus (A/Chicken/Hong Kong/220/97 (H5N1)),avian,1997,22.25,114.18,HongKong,HongKong,HongKong
3068720,AF057291.1,100835,Influenza A virus (A/Chicken/Hong Kong/258/97 (H5N1)),avian,1997,22.25,114.18,HongKong,HongKong,HongKong
3421263,AF046099.1,100836,Influenza A virus (A/Chicken/Hong Kong/728/97 (H5N1)),avian,1997,22.25,114.18,HongKong,HongKong,HongKong
4240437,AF082035.1,100837,Influenza A virus (A/Chicken/Hong Kong/786/97 (H5N1)),avian,1997,22.25,114.18,HongKong,HongKong,HongKong
6048756,AF098543.1,100850,Influenza A virus (A/Duck/Hong Kong/p46/97 (H5N1)),avian,1997,22.25,114.18,HongKong,HongKong,HongKong
6048760,AF098545.1,100853,Influenza A virus (A/Goose/Hong Kong/w355/97 (H5N1)),avian,1997,22.25,114.18,HongKong,HongKong,HongKong
3421251,AF046096.1,107423,Influenza A virus (A/Hong Kong/481/97(H5N1)),human,1997,22.25,114.18,HongKong,HongKong,HongKong
3335420,AF046088.1,130763,Influenza A virus (A/Hong Kong/156/97(H5N1)),human,1997,22.25,114.18,HongKong,HongKong,HongKong
4457118,AF102674.1,155219,Influenza A virus (A/Hong Kong/538/97(H5N1)),human,1997,22.25,114.18,HongKong,HongKong,HongKong
4457122,AF102678.1,155220,Influenza A virus (A/Hong Kong/542/97(H5N1)),human,1997,22.25,114.18,HongKong,HongKong,HongKong
4457121,AF102677.1,155223,Influenza A virus (A/Hong Kong/491/97(H5N1)),human,1997,22.25,114.18,HongKong,HongKong,HongKong
4457123,AF102679.1,155224,Influenza A virus (A/Hong Kong/503/97(H5N1)),human,1997,22.25,114.18,HongKong,HongKong,HongKong
4457126,AF102682.1,155226,Influenza A virus (A/Hong Kong/514/97(H5N1)),human,1997,22.25,114.18,HongKong,HongKong,HongKong
60482,X07869.1,173721,Influenza A virus (A/chicken/Scotland/59(H5N1)),avian,1959,56,-4,UnitedKingdom,Scotland,Other
58531088,AB166862.1,266093,Influenza A virus (A/chicken/Yamaguchi/7/2004(H5N1)),avian,2004,35.24,135.08,Japan,Yamaguchi,Japan
46361437,AY590569.1,270486,Influenza A virus (A/kalij pheasant/Thailand/CU-4/2004(H5N1)),avian,2004,15,100,Thailand,Thailand,Thailand
54402286,AY626143.1,270945,Influenza A virus (A/Thailand/4(SP-528)/2004(H5N1)),human,2004,15,100,Thailand,Thailand,Thailand
47156268,AY585357.1,274827,Influenza A virus (A/duck/Fujian/01/2002(H5N1)),avian,2002,26.55,117.84,China,Fujian,Fujian
47156270,AY585358.1,274828,Influenza A virus (A/duck/Fujian/13/2002(H5N1)),avian,2002,26.55,117.84,China,Fujian,Fujian
47156298,AY585372.1,274829,Influenza A virus (A/duck/Fujian/17/2001(H5N1)),avian,2001,26.55,117.84,China,Fujian,Fujian
47156272,AY585359.1,274830,Influenza A virus (A/duck/Fujian/19/2000(H5N1)),avian,2000,26.55,117.84,China,Fujian,Fujian
47156274,AY585360.1,274831,Influenza A virus (A/duck/Guangdong/01/2001(H5N1)),avian,2001,23,113,China,Guangdong,Guangdong
47156300,AY585373.1,274832,Influenza A virus (A/duck/Guangdong/07/2000(H5N1)),avian,2000,23,113,China,Guangdong,Guangdong
47156276,AY585361.1,274833,Influenza A virus (A/duck/Guangdong/12/2000(H5N1)),avian,2000,23,113,China,Guangdong,Guangdong
47156278,AY585362.1,274834,Influenza A virus (A/duck/Guangdong/22/2002(H5N1)),avian,2002,23,113,China,Guangdong,Guangdong
47156302,AY585374.1,274835,Influenza A virus (A/duck/Guangdong/40/2000(H5N1)),avian,2000,23,113,China,Guangdong,Guangdong
47156280,AY585363.1,274836,Influenza A virus (A/duck/Guangxi/07/1999(H5N1)),avian,1999,24,109,China,Guangxi,Guangxi
47156282,AY585364.1,274837,Influenza A virus (A/duck/Guangxi/22/2001(H5N1)),avian,2001,24,109,China,Guangxi,Guangxi
47156284,AY585365.1,274838,Influenza A virus (A/duck/Guangxi/35/2001(H5N1)),avian,2001,24,109,China,Guangxi,Guangxi
47156304,AY585375.1,274839,Influenza A virus (A/duck/Guangxi/50/2001(H5N1)),avian,2001,24,109,China,Guangxi,Guangxi
47156286,AY585366.1,274840,Influenza A virus (A/duck/Guangxi/53/2002(H5N1)),avian,2002,24,109,China,Guangxi,Guangxi
47156294,AY585370.1,274841,Influenza A virus (A/duck/Shanghai/08/2001(H5N1)),avian,2001,31.2,121.44,China,Shanghai,Shanghai
47156288,AY585367.1,274842,Influenza A virus (A/duck/Shanghai/13/2001(H5N1)),avian,2001,31.2,121.44,China,Shanghai,Shanghai
47156290,AY585368.1,274843,Influenza A virus (A/duck/Shanghai/35/2002(H5N1)),avian,2002,31.2,121.44,China,Shanghai,Shanghai
47156292,AY585369.1,274844,Influenza A virus (A/duck/Shanghai/37/2002(H5N1)),avian,2002,31.2,121.44,China,Shanghai,Shanghai
47156306,AY585376.1,274845,Influenza A virus (A/duck/Shanghai/38/2001(H5N1)),avian,2001,31.2,121.44,China,Shanghai,Shanghai
47716772,AY609312.1,279728,Influenza A virus (A/chicken/Guangdong/174/04(H5N1)),avian,2004,23,113,China,Guangdong,Guangdong
47834881,AY575876.1,279801,Influenza A virus (A/Ck/HK/61.9/02 (H5N1)),avian,2002,22.25,114.18,HongKong,HongKong,HongKong
50083230,AY646167.1,283659,Influenza A virus (A/tiger/Suphanburi/Thailand/Ti-1/04(H5N1)),feline,2004,14.2333,100.1167,Thailand,Suphanburi,Thailand
50083246,AY646175.1,283660,Influenza A virus (A/leopard/Suphanburi/Thailand/Leo-1/04(H5N1)),feline,2004,14.2333,100.1167,Thailand,Suphanburi,Thailand
50296030,AY651323.1,284179,Influenza A virus (A/Ck/Indonesia/2A/2003(H5N1)),avian,2003,-5,120,Indonesia,Indonesia,Indonesia
50296032,AY651324.1,284180,Influenza A virus (A/Ck/Indonesia/4/2004(H5N1)),avian,2004,-5,120,Indonesia,Indonesia,Indonesia
50296026,AY651321.1,284182,Influenza A virus (A/Ck/Indonesia/BL/2003(H5N1)),avian,2003,-5,120,Indonesia,Indonesia,Indonesia
50296024,AY651320.1,284183,Influenza A virus (A/Ck/Indonesia/PA/2003(H5N1)),avian,2003,40.83,-76,Indonesia,Indonesia,Indonesia
50296038,AY651327.1,284186,Influenza A virus (A/Ck/Thailand/73/2004(H5N1)),avian,2004,15,100,Thailand,Thailand,Thailand
50296040,AY651328.1,284187,Influenza A virus (A/Ck/Thailand/9.1/2004(H5N1)),avian,2004,15,100,Thailand,Thailand,Thailand
50296028,AY651322.1,284200,Influenza A virus (A/Dk/Indonesia/MS/2004(H5N1)),avian,2004,-5,120,Indonesia,Indonesia,Indonesia
50296046,AY651331.1,284203,Influenza A virus (A/Dk/Thailand/71.1/2004(H5N1)),avian,2004,15,100,Thailand,Thailand,Thailand
50296048,AY651332.1,284210,Influenza A virus (A/Gs/Thailand/79/2004(H5N1)),avian,2004,15,100,Thailand,Thailand,Thailand
50296042,AY651329.1,284213,Influenza A virus (A/Qa/Thailand/57/2004(H5N1)),avian,2004,15,100,Thailand,Thailand,Thailand
58618437,AY818135.1,284218,Influenza A virus (A/Viet Nam/1203/2004(H5N1)),human,2004,16.17,107.83,VietNam,VietNam,Vietnam
50843949,AY679514.1,287866,Influenza A virus (A/Thailand/LFPN-2004/2004(H5N1)),human,2004,15,100,Thailand,Thailand,Thailand
50956627,AY684706.1,288028,Influenza A virus (A/chicken/Hubei/327/2004(H5N1)),avian,2004,36.55,114.13,China,Hubei,Hubei
58531120,AB188816.1,291365,Influenza A virus (A/chicken/Oita/8/2004(H5N1)),avian,2004,33.25,131.57,Japan,Oita,Japan
58531138,AB188824.1,291366,Influenza A virus (A/chicken/Kyoto/3/2004(H5N1)),avian,2004,35.06,135.69,Japan,Kyoto,Japan
58531156,AB189053.1,291592,Influenza A virus (A/crow/Kyoto/53/2004(H5N1)),avian,2004,35.06,135.69,Japan,Kyoto,Japan
58531174,AB189061.1,291593,Influenza A virus (A/crow/Osaka/102/2004(H5N1)),avian,2004,34.63,135.5,Japan,Osaka,Japan
54126527,AY747617.1,295671,Influenza A virus (A/swine/Fujian/F1/2001(H5N1)),swine,2001,26.55,117.84,China,Fujian,Fujian
54299827,AY627885.1,297793,Influenza A virus (A/Thailand/5(KK-494)/2004(H5N1)),human,2004,15,100,Thailand,Thailand,Thailand
55233227,AY770079.1,298603,Influenza A virus (A/chicken/Hubei/489/2004(H5N1)),avian,2004,36.55,114.13,China,Hubei,Hubei
72398648,DQ099759.1,299387,Influenza A virus (A/chicken/Viet Nam/DT-171/2004(H5N1)),avian,2004,16.17,107.83,VietNam,VietNam,Vietnam
56311401,AJ867074.1,303316,Influenza A virus (A/Hatay/2004/(H5N1)),human,2004,20.97,105.77,VietNam,Hatay,Vietnam
56548871,AY676033.1,303923,Influenza A virus (A/duck/Hong Kong/821/02(H5N1)),avian,2002,22.25,114.18,HongKong,HongKong,HongKong
56548873,AY676034.1,303925,Influenza A virus (A/egret/Hong Kong/757.2/2003(H5N1)),avian,2003,22.25,114.18,HongKong,HongKong,HongKong
56672736,AY741213.1,305847,Influenza A virus (A/blackbird/Hunan/1/2004(H5N1)),avian,2004,26.86,117.49,China,Hunan,Hunan
57915979,AY737289.1,309834,Influenza A virus (A/chicken/Guangdong/191/04(H5N1)),avian,2004,23,113,China,Guangdong,Guangdong
57916028,AY737296.1,309836,Influenza A virus (A/chicken/Guangdong/178/04(H5N1)),avian,2004,23,113,China,Guangdong,Guangdong
57916076,AY737304.1,309837,Influenza A virus (A/duck/Guangdong/173/04(H5N1)),avian,2004,23,113,China,Guangdong,Guangdong
58618439,AY818136.1,311555,Influenza A virus (A/chicken/Vietnam/C58/04(H5N1)),avian,2004,16.17,107.83,VietNam,VietNam,Vietnam
58618441,AY818137.1,311556,Influenza A virus (A/quail/Vietnam/36/04(H5N1)),avian,2004,16.17,107.83,VietNam,VietNam,Vietnam
62466138,AY972539.1,322564,Influenza A virus (A/tiger/Thailand/CU-T4/04(H5N1)),feline,2004,15,100,Thailand,Thailand,Thailand
62466142,AY972541.1,322566,Influenza A virus (A/tiger/Thailand/CU-T6/04(H5N1)),feline,2004,15,100,Thailand,Thailand,Thailand
71013497,AB212054.1,326031,Influenza A virus (A/Hong Kong/213/03(H5N1)),human,2003,22.25,114.18,HongKong,HongKong,HongKong
71000185,AB212280.1,326490,Influenza A virus (A/duck/Yokohama/aq10/2003(H5N1)),avian,2003,36,137.38,Japan,Yokohama,Japan
78210824,AB212649.1,327048,Influenza A virus (A/blow fly/Kyoto/93/2004(H5N1)),insect,2004,35.06,135.69,Japan,Kyoto,Japan
67649668,DQ080022.1,332192,Influenza A virus (A/chicken/Henan/01/2004(H5N1)),avian,2004,31.34,112.98,China,Henan,Henan
71025271,DQ100554.1,336092,Influenza A virus (A/black-headed goose/Qinghai/1/2005(H5N1)),avian,2005,30.9,101.04,China,Qinghai,Qinghai
71025273,DQ100555.1,336093,Influenza A virus (A/black-headed goose/Qinghai/2/2005(H5N1)),avian,2005,30.9,101.04,China,Qinghai,Qinghai
71025275,DQ100556.1,336094,Influenza A virus (A/black-headed gull/Qinghai/1/2005(H5N1)),avian,2005,30.9,101.04,China,Qinghai,Qinghai
71068504,DQ100557.2,336095,Influenza A virus (A/great black-headed gull/Qinghai/1/2005(H5N1)),avian,2005,30.9,101.04,China,Qinghai,Qinghai
91984117,DQ095612.2,336232,Influenza A virus (A/Bar-headed Goose/Qinghai/59/05(H5N1)),avian,2005,30.9,101.04,China,Qinghai,Qinghai
70955425,DQ095615.1,336235,Influenza A virus (A/Bar-headed Goose/Qinghai/60/05(H5N1)),avian,2005,30.9,101.04,China,Qinghai,Qinghai
91984122,DQ095616.2,336236,Influenza A virus (A/Brown-headed Gull/Qinghai/3/05(H5N1)),avian,2005,30.9,101.04,China,Qinghai,Qinghai
70955434,DQ095622.1,336242,Influenza A virus (A/Bar-headed Goose/Qinghai/65/05(H5N1)),avian,2005,30.9,101.04,China,Qinghai,Qinghai
91984130,DQ095624.2,336244,Influenza A virus (A/Chicken/Yunnan/447/05(H5N1)),avian,2005,25,102,China,Yunnan,Yunnan
70955440,DQ095626.1,336246,Influenza A virus (A/Chicken/Shantou/810/05(H5N1)),avian,2005,28.97,117.92,China,Shantou,Guangdong
91984134,DQ095627.2,336247,Influenza A virus (A/Quail/Shantou/911/05(H5N1)),avian,2005,28.97,117.92,China,Shantou,Guangdong
70955443,DQ095628.1,336248,Influenza A virus (A/Goose/Shantou/1621/05(H5N1)),avian,2005,28.97,117.92,China,Shantou,Guangdong
91984137,DQ095629.2,336249,Influenza A virus (A/Duck/Fujian/1734/05(H5N1)),avian,2005,26.55,117.84,China,Fujian,Fujian
56672789,AY741215.1,337309,Influenza A virus (A/tree sparrow/Henan/1/2004(H5N1)),avian,2004,31.34,112.98,China,Henan,Henan
56672873,AY741217.1,337310,Influenza A virus (A/tree sparrow/Henan/2/2004(H5N1)),avian,2004,31.34,112.98,China,Henan,Henan
56672930,AY741219.1,337311,Influenza A virus (A/tree sparrow/Henan/3/2004(H5N1)),avian,2004,31.34,112.98,China,Henan,Henan
56673032,AY741221.1,337312,Influenza A virus (A/tree sparrow/Henan/4/2004(H5N1)),avian,2004,31.34,112.98,China,Henan,Henan
71277596,DQ083550.1,337590,Influenza A virus (A/chicken/Suphanburi/Thailand/CU-1/04(H5N1)),avian,2004,14.2333,100.1167,Thailand,Suphanburi,Thailand
71277598,DQ083551.1,337591,Influenza A virus (A/chicken/Bangkok/Thailand/CU-3/04(H5N1)),avian,2004,13.75,100.52,Thailand,Bangkok,Thailand
71277600,DQ083552.1,337592,Influenza A virus (A/crow/Bangkok/Thailand/CU-4/04(H5N1)),avian,2004,13.75,100.52,Thailand,Bangkok,Thailand
71277606,DQ083555.1,337595,Influenza A virus (A/chicken/Chonburi/Thailand/CU-7/04(H5N1)),avian,2004,13.37,100.98,Thailand,Chonburi,Thailand
71277608,DQ083556.1,337596,Influenza A virus (A/chicken/Prachinburi/Thailand/CU-8/2004(H5N1)),avian,2004,14.07,101.52,Thailand,Prachinburi,Thailand
71277610,DQ083557.1,337597,Influenza A virus (A/chicken/Suphanburi/Thailand/CU-9/04(H5N1)),avian,2004,14.2333,100.1167,Thailand,Suphanburi,Thailand
71277612,DQ083558.1,337598,Influenza A virus (A/chicken/Chachoengsao/Thailand/CU-10/04(H5N1)),avian,2004,13.7,101.08,Thailand,Chachoengsao,Thailand
71277614,DQ083559.1,337599,Influenza A virus (A/chicken/Chachoengsao/Thailand/CU-11/04(H5N1)),avian,2004,13.7,101.08,Thailand,Chachoengsao,Thailand
71277616,DQ083560.1,337600,Influenza A virus (A/chicken/Nakhon Sawan/Thailand/CU-12/04(H5N1)),avian,2004,15.68,100.12,Thailand,NakornSawan,Thailand
71277618,DQ083561.1,337601,Influenza A virus (A/chicken/Nakhon Sawan/Thailand/CU-13/04(H5N1)),avian,2004,15.68,100.12,Thailand,NakornSawan,Thailand
71277620,DQ083562.1,337602,Influenza A virus (A/chicken/Nakhon Pathom/Thailand/CU-14/04(H5N1)),avian,2004,13.82,100.05,Thailand,NakhonPathom,Thailand
71277626,DQ083565.1,337605,Influenza A virus (A/chicken/Saraburi/Thailand/CU-17/2004(H5N1)),avian,2004,14.56,100.91,Thailand,Saraburi,Thailand
71277628,DQ083566.1,337606,Influenza A virus (A/Kalji Pheasant/Bangkok/Thailand/CU-18/04(H5N1)),avian,2004,13.75,100.52,Thailand,Bangkok,Thailand
71277630,DQ083567.1,337607,Influenza A virus (A/Ostrich/Samut Prakan/Thailand/CU-19/04(H5N1)),avian,2004,13.6,100.6,Thailand,SamutPrakan,Thailand
71277632,DQ083568.1,337608,Influenza A virus (A/chicken/Bangkok/Thailand/CU-20/04(H5N1)),avian,2004,13.75,100.52,Thailand,Bangkok,Thailand
71277636,DQ083570.1,337610,Influenza A virus (A/crow/Bangkok/Thailand/CU-25/04(H5N1)),avian,2004,13.75,100.52,Thailand,Bangkok,Thailand
71277638,DQ083571.1,337611,Influenza A virus (A/rollers/Bangkok/Thailand/CU-26/04(H5N1)),avian,2004,13.75,100.52,Thailand,Bangkok,Thailand
71277640,DQ083572.1,337612,Influenza A virus (A/chicken/Saraburi/Thailand/CU-27/2004(H5N1)),avian,2004,14.56,100.91,Thailand,Saraburi,Thailand
71277642,DQ083573.1,337613,Influenza A virus (A/white peafowl/Bangkok/Thailand/CU-29/04(H5N1)),avian,2004,13.75,100.52,Thailand,Bangkok,Thailand
71277644,DQ083574.1,337614,Influenza A virus (A/ostrich/Samut Prakan/Thailand/CU-31/04(H5N1)),avian,2004,13.6,100.6,Thailand,SamutPrakan,Thailand
71277646,DQ083575.1,337615,Influenza A virus (A/crow/Bangkok/Thailand/CU-35/04(H5N1)),avian,2004,13.75,100.52,Thailand,Bangkok,Thailand
71277648,DQ083576.1,337616,Influenza A virus (A/chicken/Lopburi/Thailand/CU-38/04(H5N1)),avian,2004,14.83,100.53,Thailand,Lopburi,Thailand
71277650,DQ083577.1,337617,Influenza A virus (A/chicken/Nakhon Sawan/Thailand/CU-39/04(H5N1)),avian,2004,15.68,100.12,Thailand,NakornSawan,Thailand
71277652,DQ083578.1,337618,Influenza A virus (A/chicken/Ratchaburi/Thailand/CU-68/2004(H5N1)),avian,2004,13.55,99.71,Thailand,Ratchaburi,Thailand
71277654,DQ083579.1,337619,Influenza A virus (A/duck/Nakhon Pathom/Thailand/CU-71/04(H5N1)),avian,2004,13.82,100.05,Thailand,NakhonPathom,Thailand
71277658,DQ083581.1,337621,Influenza A virus (A/duck/Saraburi/Thailand/CU-74/04(H5N1)),avian,2004,14.56,100.91,Thailand,Saraburi,Thailand
71277662,DQ083583.1,337623,Influenza A virus (A/pigeon/Samut Prakan/Thailand/CU-202/04(H5N1)),avian,2004,13.6,100.6,Thailand,SamutPrakan,Thailand
81687114,AB233319.1,344595,Influenza A virus (A/bar-headed goose/Mongolia/1/05(H5N1)),avian,2005,46,105,Mongolia,Mongolia,Mongolia
81687118,AB233320.1,344596,Influenza A virus (A/whooper swan/Mongolia/3/05(H5N1)),avian,2005,46,105,Mongolia,Mongolia,Mongolia
81687122,AB233321.1,344597,Influenza A virus (A/whooper swan/Mongolia/4/05(H5N1)),avian,2005,46,105,Mongolia,Mongolia,Mongolia
81687126,AB233322.1,344598,Influenza A virus (A/whooper swan/Mongolia/6/05(H5N1)),avian,2005,46,105,Mongolia,Mongolia,Mongolia
75911269,DQ137873.1,345295,Influenza A virus (A/bar-headed goose/Qinghai/0510/05(H5N1)),avian,2005,30.9,101.04,China,Qinghai,Qinghai
76800613,DQ211922.1,348599,Influenza A virus (A/chicken/jiyuan/1/03/(H5N1)),avian,2003,36.11,109.99,China,Jiyuan,Henan
76800615,DQ211923.1,348600,Influenza A virus (A/chicken/zhengzhou/1/02/(H5N1)),avian,2002,34.72,113.59,China,Zhengzhou,Henan
76800617,DQ211924.1,348601,Influenza A virus (A/chicken/zhoukou/2/02/(H5N1)),avian,2002,31.3,113.04,China,Zhoukou,Henan
78096575,AB239125.1,352375,Influenza A virus (A/Hanoi/30408/2005(H5N1)),human,2005,21.03,105.85,VietNam,Hanoi,Vietnam
78450309,DQ230521.1,353252,Influenza A virus (A/grebe/Novosibirsk/29/2005(H5N1)),avian,2005,55.04,82.93,Russia,Novosibirsk,Novosibirsk
78450348,DQ230522.1,353253,Influenza A virus (A/duck/Novosibirsk/56/2005(H5N1)),avian,2005,55.04,82.93,Russia,Novosibirsk,Novosibirsk
78458570,DQ236077.1,354085,Influenza A virus (A/cat/Thailand/KU-02/04(H5N1)),feline,2004,15,100,Thailand,Thailand,Thailand
93008386,DQ497719.1,357207,Influenza A virus (A/Vietnam/CL01/2004(H5N1)),human,2004,16.17,107.83,VietNam,VietNam,Vietnam
93008394,DQ497723.1,357208,Influenza A virus (A/Vietnam/CL26/2004(H5N1)),human,2004,16.17,107.83,VietNam,VietNam,Vietnam
93008396,DQ497724.1,357209,Influenza A virus (A/Vietnam/CL36/2004(H5N1)),human,2004,16.17,107.83,VietNam,VietNam,Vietnam
93008398,DQ497725.1,357210,Influenza A virus (A/Vietnam/CL100/2004(H5N1)),human,2004,16.17,107.83,VietNam,VietNam,Vietnam
93008402,DQ497727.1,357211,Influenza A virus (A/Vietnam/CL115/2005(H5N1)),human,2005,16.17,107.83,VietNam,VietNam,Vietnam
93008404,DQ497728.1,357212,Influenza A virus (A/Vietnam/CL119/2005(H5N1)),human,2005,16.17,107.83,VietNam,VietNam,Vietnam
93008406,DQ497729.1,357213,Influenza A virus (A/Vietnam/CL2009/2005(H5N1)),human,2005,16.17,107.83,VietNam,VietNam,Vietnam
84797133,DQ320875.1,365068,Influenza A virus (A/duck/Fujian/897/2005(H5N1)),avian,2005,26.55,117.84,China,Fujian,Fujian
84797135,DQ320876.1,365069,Influenza A virus (A/chicken/Fujian/1042/2005(H5N1)),avian,2005,26.55,117.84,China,Fujian,Fujian
84797137,DQ320877.1,365070,Influenza A virus (A/duck/Guangxi/351/2004(H5N1)),avian,2004,24,109,China,Guangxi,Guangxi
84797139,DQ320878.1,365071,Influenza A virus (A/duck/Guangxi/380/2004(H5N1)),avian,2004,24,109,China,Guangxi,Guangxi
84797143,DQ320880.1,365073,Influenza A virus (A/goose/Guangxi/914/2004(H5N1)),avian,2004,24,109,China,Guangxi,Guangxi
84797145,DQ320881.1,365074,Influenza A virus (A/goose/Guangxi/1097/2004(H5N1)),avian,2004,24,109,China,Guangxi,Guangxi
84797149,DQ320883.1,365076,Influenza A virus (A/duck/Guangxi/1311/2004(H5N1)),avian,2004,24,109,China,Guangxi,Guangxi
84797151,DQ320884.1,365077,Influenza A virus (A/duck/Guangxi/1378/2004(H5N1)),avian,2004,24,109,China,Guangxi,Guangxi
84797153,DQ320885.1,365078,Influenza A virus (A/duck/Guangxi/1586/2004(H5N1)),avian,2004,24,109,China,Guangxi,Guangxi
84797155,DQ320886.1,365079,Influenza A virus (A/duck/Guangxi/1681/2004(H5N1)),avian,2004,24,109,China,Guangxi,Guangxi
84797157,DQ320887.1,365080,Influenza A virus (A/duck/Guangxi/1793/2004(H5N1)),avian,2004,24,109,China,Guangxi,Guangxi
84797159,DQ320888.1,365081,Influenza A virus (A/goose/Guangxi/1832/2004(H5N1)),avian,2004,24,109,China,Guangxi,Guangxi
84797161,DQ320889.1,365082,Influenza A virus (A/goose/Guangxi/2112/2004(H5N1)),avian,2004,24,109,China,Guangxi,Guangxi
84797163,DQ320890.1,365083,Influenza A virus (A/duck/Guangxi/2291/2004(H5N1)),avian,2004,24,109,China,Guangxi,Guangxi
84797165,DQ320891.1,365084,Influenza A virus (A/goose/Guangxi/2383/2004(H5N1)),avian,2004,24,109,China,Guangxi,Guangxi
84797167,DQ320892.1,365085,Influenza A virus (A/duck/Guangxi/2396/2004(H5N1)),avian,2004,24,109,China,Guangxi,Guangxi
84797169,DQ320893.1,365086,Influenza A virus (A/chicken/Guangxi/2439/2004(H5N1)),avian,2004,24,109,China,Guangxi,Guangxi
84797171,DQ320894.1,365087,Influenza A virus (A/chicken/Guangxi/2448/2004(H5N1)),avian,2004,24,109,China,Guangxi,Guangxi
84797173,DQ320895.1,365088,Influenza A virus (A/chicken/Guangxi/2461/2004(H5N1)),avian,2004,24,109,China,Guangxi,Guangxi
84797175,DQ320896.1,365089,Influenza A virus (A/goose/Guangxi/345/2005(H5N1)),avian,2005,24,109,China,Guangxi,Guangxi
84797177,DQ320897.1,365090,Influenza A virus (A/quail/Guangxi/575/2005(H5N1)),avian,2005,24,109,China,Guangxi,Guangxi
84797179,DQ320898.1,365091,Influenza A virus (A/chicken/Guangxi/604/2005(H5N1)),avian,2005,24,109,China,Guangxi,Guangxi
84797181,DQ320899.1,365092,Influenza A virus (A/duck/Guangxi/793/2005(H5N1)),avian,2005,24,109,China,Guangxi,Guangxi
84797183,DQ320900.1,365093,Influenza A virus (A/duck/Guangxi/951/2005(H5N1)),avian,2005,24,109,China,Guangxi,Guangxi
84797187,DQ320902.1,365095,Influenza A virus (A/duck/Hunan/127/2005(H5N1)),avian,2005,26.86,117.49,China,Hunan,Hunan
84797189,DQ320903.1,365096,Influenza A virus (A/duck/Hunan/139/2005(H5N1)),avian,2005,26.86,117.49,China,Hunan,Hunan
84797193,DQ320905.1,365098,Influenza A virus (A/duck/Hunan/152/2005(H5N1)),avian,2005,26.86,117.49,China,Hunan,Hunan
84797195,DQ320906.1,365099,Influenza A virus (A/duck/Hunan/157/2005(H5N1)),avian,2005,26.86,117.49,China,Hunan,Hunan
84797201,DQ320909.1,365102,Influenza A virus (A/duck/Hunan/182/2005(H5N1)),avian,2005,26.86,117.49,China,Hunan,Hunan
84797203,DQ320910.1,365103,Influenza A virus (A/chicken/Hunan/999/2005(H5N1)),avian,2005,26.86,117.49,China,Hunan,Hunan
84797205,DQ320911.1,365104,Influenza A virus (A/duck/Hunan/1265/2005(H5N1)),avian,2005,26.86,117.49,China,Hunan,Hunan
84797207,DQ320912.1,365105,Influenza A virus (A/duck/Hunan/1608/2005(H5N1)),avian,2005,26.86,117.49,China,Hunan,Hunan
84797211,DQ320914.1,365107,Influenza A virus (A/duck/Shantou/4610/2003(H5N1)),avian,2003,28.97,117.92,China,Shantou,Guangdong
84797213,DQ320915.1,365108,Influenza A virus (A/goose/Shantou/2216/2005(H5N1)),avian,2005,28.97,117.92,China,Shantou,Guangdong
84797229,DQ320923.1,365116,Influenza A virus (A/grey heron/Hong Kong/728/2004(H5N1)),avian,2004,22.25,114.18,HongKong,HongKong,HongKong
84797255,DQ320936.1,365121,Influenza A virus (A/duck/Vietnam/S654/2005(H5N1)),avian,2005,16.17,107.83,VietNam,VietNam,Vietnam
84797239,DQ320928.1,365122,Influenza A virus (A/chicken/Salatiga/BBVet-I/2005(H5N1)),avian,2005,-7.33,110.5,Indonesia,Salatiga,Indonesia
84797241,DQ320929.1,365123,Influenza A virus (A/chicken/Wonosobo/BPPV4/2003(H5N1)),avian,2003,-7.56,110.3,Indonesia,Wonosobo,Indonesia
84797243,DQ320930.1,365124,Influenza A virus (A/chicken/Yogjakarta/BBVet-IX/2004(H5N1)),avian,2004,-7.76,110.4,Indonesia,Yogjakarta,Indonesia
84797245,DQ320931.1,365125,Influenza A virus (A/chicken/Kulon Progo/BBVet-XII-1/2004(H5N1)),avian,2004,-7.83,110.25,Indonesia,KulonProgo,Indonesia
84797247,DQ320932.1,365126,Influenza A virus (A/chicken/Bantul/BBVet-I/2005(H5N1)),avian,2005,-7.86,110.4,Indonesia,Bantul,Indonesia
84797249,DQ320933.1,365127,Influenza A virus (A/chicken/Wajo/BBVM/2005(H5N1)),avian,2005,-5.34,124.54,Indonesia,Wajo,Indonesia
84797259,DQ320938.1,365130,Influenza A virus (A/chicken/Vietnam/27/2003(H5N1)),avian,2003,16.17,107.83,VietNam,VietNam,Vietnam
84797263,DQ320940.1,365131,Influenza A virus (A/Mallard duck/Vietnam/133/2004(H5N1)),avian,2004,16.17,107.83,VietNam,VietNam,Vietnam
84797261,DQ320939.1,365132,Influenza A virus (A/duck/Vietnam/568/2005(H5N1)),avian,2005,16.17,107.83,VietNam,VietNam,Vietnam
84797231,DQ320924.1,365133,Influenza A virus (A/grey heron/Hong Kong/837/2004(H5N1)),avian,2004,22.25,114.18,HongKong,HongKong,HongKong
84797237,DQ320927.1,365135,Influenza A virus (A/chicken/Hong Kongi/86.3/2002(H5N1)),avian,2002,22.25,114.18,HongKong,HongKong,HongKong
85062766,DQ334760.1,365495,Influenza A virus (A/chicken/Thailand/Kanchanaburi/CK-160/2005(H5N1)),avian,2005,14.02,99.53,Thailand,Kanchanaburi,Thailand
85062782,DQ334768.1,365496,Influenza A virus (A/quail/Thailand/Nakhon Pathom/QA-161/2005(H5N1)),avian,2005,13.82,100.05,Thailand,NakhonPathom,Thailand
85062798,DQ334776.1,365497,Influenza A virus (A/chicken/Thailand/Nontaburi/CK-162/2005(H5N1)),avian,2005,13.83,100.48,Thailand,Nontaburi,Thailand
85062564,DQ343150.1,367021,Influenza A virus (A/chicken/Hebei/326/2005(H5N1)),avian,2005,30.24,115.18,China,Hebei,Hebei
85062568,DQ343152.1,367023,Influenza A virus (A/chicken/Hebei/108/02(H5N1)),avian,2002,30.24,115.18,China,Hebei,Hebei
85062566,DQ343151.1,367715,Influenza A virus (A/chicken/Hebei/718/2001(H5N1)),avian,2001,30.24,115.18,China,Hebei,Hebei
86211366,DQ358746.1,368859,Influenza A virus (A/Cygnus olor/Astrakhan/Ast05-2-3/2005(H5N1)),avian,2005,51.49,92.53,Russia,Astrakhan,Crimea
86278736,DQ365004.1,369438,Influenza A virus (A/Cygnus olor/Astrakhan/Ast05-2-5/2005(H5N1)),avian,2005,51.49,92.53,Russia,Astrakhan,Crimea
87204335,DQ363918.1,370832,Influenza A virus (A/Cygnus olor/Astrakhan/Ast05-2-4/2005(H5N1)),avian,2005,51.49,92.53,Russia,Astrakhan,Crimea
87042573,DQ372591.1,370847,Influenza A virus (A/Thailand/NK165/2005(H5N1)),human,2005,15,100,Thailand,Thailand,Thailand
87204345,DQ363923.1,370848,Influenza A virus (A/Cygnus olor/Astrakhan/Ast05-2-7/2005(H5N1)),avian,2005,51.49,92.53,Russia,Astrakhan,Crimea
115344736,CY016276.1,373035,Influenza A virus (A/chicken/Nigeria/641/2006(H5N1)),avian,2006,10,8,Nigeria,Nigeria,Nigeria
116070055,CY017035.1,373513,Influenza A virus (A/Cygnus olor/Italy/742/2006(H5N1)),avian,2006,42.83,12.83,Italy,Italy,Italy
89275862,DQ435200.1,374997,Influenza A virus (A/domestic cat/Iraq/820/2006(H5N1)),feline,2006,33,44,Iraq,Iraq,Iraq
89275864,DQ435201.1,374998,Influenza A virus (A/domestic goose/Iraq/812/2006(H5N1)),avian,2006,33,44,Iraq,Iraq,Iraq
89275866,DQ435202.1,374999,Influenza A virus (A/human/Iraq/207-NAMRU3/2006(H5N1)),human,2006,33,44,Iraq,Iraq,Iraq
90025360,DQ447199.1,376614,Influenza A virus (A/chicken/Egypt/960N3-004/2006(H5N1)),avian,2006,27,30,Egypt,Egypt,Egypt
115608049,CY016795.1,376709,Influenza A virus (A/mallard/Italy/835/2006(H5N1)),avian,2006,42.83,12.83,Italy,Italy,Italy
90823033,DQ464377.1,378550,Influenza A virus (A/Egypt/2782-NAMRU3/2006(H5N1)),human,2006,27,30,Egypt,Egypt,Egypt
3421265,AF046100.1,380304,Influenza A virus (A/chicken/Hong Kong/915/1997(H5)),avian,1997,22.25,114.18,HongKong,HongKong,HongKong
93008388,DQ497720.1,380792,Influenza A virus (A/Vietnam/CL02/2004(H5N1)),human,2004,16.17,107.83,VietNam,VietNam,Vietnam
93008400,DQ497726.1,380793,Influenza A virus (A/Vietnam/CL105/2005(H5N1)),human,2005,16.17,107.83,VietNam,VietNam,Vietnam
93008392,DQ497722.1,380795,Influenza A virus (A/Vietnam/CL20/2004(H5N1)),human,2004,16.17,107.83,VietNam,VietNam,Vietnam
93008282,DQ497667.1,380798,Influenza A virus (A/chicken/Dairi/BPPVI/2005(H5N1)),avian,2005,2.58,98.42,Indonesia,Dairi,Indonesia
93008284,DQ497668.1,380799,Influenza A virus (A/chicken/Deli Serdang/BPPVI/2005(H5N1)),avian,2005,3.5,98.83,Indonesia,DeliSerdang,Indonesia
93008250,DQ497651.1,380800,Influenza A virus (A/chicken/Gunung Kidal/BBVW/2005(H5N1)),avian,2005,-8.02,112.71,Indonesia,GunungKidal,Indonesia
93008262,DQ497657.1,380801,Influenza A virus (A/chicken/Jembrana/BPPV6/2004(H5N1)),avian,2004,-8.33,114.83,Indonesia,Jembrana,Indonesia
93008248,DQ497650.1,380803,Influenza A virus (A/chicken/Kulon Progo/BBVet-XII-2/2004(H5N1)),avian,2004,-7.83,110.25,Indonesia,KulonProgo,Indonesia
93008270,DQ497661.1,380806,Influenza A virus (A/chicken/Kupang-3-NTT/BPPV6/2004(H5N1)),avian,2004,-6.67,112.4,Indonesia,Kupang,Indonesia
93008234,DQ497643.1,380807,Influenza A virus (A/chicken/Magetan/BBVW/2005(H5N1)),avian,2005,-7.68,111.31,Indonesia,Magetan,Indonesia
93008236,DQ497644.1,380810,Influenza A virus (A/chicken/Ngawi/BPPV4/2004(H5N1)),avian,2004,-7.4,111.43,Indonesia,Ngawi,Indonesia
93008274,DQ497663.1,380811,Influenza A virus (A/chicken/Pangkalpinang/BPPV3/2004(H5N1)),avian,2004,-2.13,106.13,Indonesia,Pangkalpinang,Indonesia
93008238,DQ497645.1,380812,Influenza A virus (A/chicken/Pekalongan/BPPV4/2003(H5N1)),avian,2003,-6.32,108.23,Indonesia,Pekalongan,Indonesia
93008254,DQ497653.1,380813,Influenza A virus (A/chicken/Purwakarta/BBVet-IV/2004(H5N1)),avian,2004,-6.57,107.39,Indonesia,Purwakarta,Indonesia
93008244,DQ497648.1,380814,Influenza A virus (A/chicken/Purworejo/BBVW/2005(H5N1)),avian,2005,-6.84,111.79,Indonesia,Purworejo,Indonesia
93008278,DQ497665.1,380815,Influenza A virus (A/chicken/Simalanggang/BPPVI/2005(H5N1)),avian,2005,-0.15,100.57,Indonesia,Simalanggang,Indonesia
93008240,DQ497646.1,380816,Influenza A virus (A/chicken/Sragen/BPPV4/2003(H5N1)),avian,2003,-7.42,111.05,Indonesia,Sragen,Indonesia
93008286,DQ497669.1,380817,Influenza A virus (A/chicken/Tarutung/BPPVI/2005(H5N1)),avian,2005,2.02,98.97,Indonesia,Tarutung,Indonesia
93008280,DQ497666.1,380818,Influenza A virus (A/chicken/Tebing Tinggi/BPPVI/2005(H5N1)),avian,2005,4.13,97.97,Indonesia,TebingTinggi,Indonesia
93008384,DQ497718.1,380819,Influenza A virus (A/chicken/Vietnam/132/2004(H5N1)),avian,2004,16.17,107.83,VietNam,VietNam,Vietnam
93008348,DQ497700.1,380820,Influenza A virus (A/chicken/Vietnam/133/2004(H5N1)),avian,2004,16.17,107.83,VietNam,VietNam,Vietnam
93008376,DQ497714.1,380821,Influenza A virus (A/chicken/Vietnam/134/2004(H5N1)),avian,2004,16.17,107.83,VietNam,VietNam,Vietnam
93008350,DQ497701.1,380823,Influenza A virus (A/chicken/Vietnam/147/2004(H5N1)),avian,2004,16.17,107.83,VietNam,VietNam,Vietnam
93008374,DQ497713.1,380825,Influenza A virus (A/chicken/Vietnam/159/2004(H5N1)),avian,2004,16.17,107.83,VietNam,VietNam,Vietnam
93008372,DQ497712.1,380833,Influenza A virus (A/chicken/Vietnam/393/2005(H5N1)),avian,2005,16.17,107.83,VietNam,VietNam,Vietnam
93008354,DQ497703.1,380834,Influenza A virus (A/chicken/Vietnam/398/2005(H5N1)),avian,2005,16.17,107.83,VietNam,VietNam,Vietnam
93008344,DQ497698.1,380837,Influenza A virus (A/chicken/Vietnam/52/2004(H5N1)),avian,2004,16.17,107.83,VietNam,VietNam,Vietnam
93008368,DQ497710.1,380838,Influenza A virus (A/chicken/Vietnam/53/2004(H5N1)),avian,2004,16.17,107.83,VietNam,VietNam,Vietnam
93008266,DQ497659.1,380840,Influenza A virus (A/duck/Parepare/BBVM/2005(H5N1)),avian,2005,-4,119.6667,Indonesia,Parepare,Indonesia
93008352,DQ497702.1,380841,Influenza A virus (A/duck/Vietnam/148/2004(H5N1)),avian,2004,16.17,107.83,VietNam,VietNam,Vietnam
93008364,DQ497708.1,380848,Influenza A virus (A/duck/Vietnam/283/2005(H5N1)),avian,2005,16.17,107.83,VietNam,VietNam,Vietnam
93008356,DQ497704.1,380851,Influenza A virus (A/duck/Vietnam/376/2005(H5N1)),avian,2005,16.17,107.83,VietNam,VietNam,Vietnam
93008382,DQ497717.1,380854,Influenza A virus (A/duck/Vietnam/543/2005(H5N1)),avian,2005,16.17,107.83,VietNam,VietNam,Vietnam
93008366,DQ497709.1,380855,Influenza A virus (A/duck/Vietnam/557/2005(H5N1)),avian,2005,16.17,107.83,VietNam,VietNam,Vietnam
93008242,DQ497647.1,380866,Influenza A virus (A/quail/Boyolali/BPPV4/2004(H5N1)),avian,2004,-7.59,110.5,Indonesia,Boyolali,Indonesia
93008256,DQ497654.1,380867,Influenza A virus (A/quail/Tasikmalaya/BPPV4/2004(H5N1)),avian,2004,-7.39,108.24,Indonesia,Tasikmalaya,Indonesia
93008378,DQ497715.1,380868,Influenza A virus (A/quail/Vietnam/177/2004(H5N1)),avian,2004,16.17,107.83,VietNam,VietNam,Vietnam
93008370,DQ497711.1,380869,Influenza A virus (A/quail/Vietnam/282/2005(H5N1)),avian,2005,16.17,107.83,VietNam,VietNam,Vietnam
93008246,DQ497649.1,380870,Influenza A virus (A/quail/Yogjakarta/BBVet-IX/2004(H5N1)),avian,2004,-7.76,110.4,Indonesia,Yogjakarta,Indonesia
93008276,DQ497664.1,380871,Influenza A virus (A/turkey/Kedaton/BPPV3/2004(H5N1)),avian,2004,-6.48,109.27,Indonesia,Kedaton,Indonesia
93008358,DQ497705.1,380872,Influenza A virus (A/wild bird/Vietnam/434/2005(H5N1)),avian,2005,16.17,107.83,VietNam,VietNam,Vietnam
93008272,DQ497662.1,381000,Influenza A virus (A/chicken/Kupang-1-NTT/BPPV6/2004(H5N1)),avian,2004,-6.67,112.4,Indonesia,Kupang,Indonesia
110319976,AM262543.1,385216,Influenza A virus (A/chicken/Nigeria/BA211/2006(H5N1)),avian,2006,10,8,Nigeria,Nigeria,Nigeria
110319978,AM262546.1,385217,Influenza A virus (A/chicken/Nigeria/SO300/2006(H5N1)),avian,2006,10,8,Nigeria,Nigeria,Nigeria
110319980,AM262547.1,385218,Influenza A virus (A/chicken/Nigeria/SO452/2006(H5N1)),avian,2006,10,8,Nigeria,Nigeria,Nigeria
110319982,AM262553.1,385219,Influenza A virus (A/chicken/Nigeria/SO493/2006(H5N1)),avian,2006,10,8,Nigeria,Nigeria,Nigeria
110319984,AM262572.1,385220,Influenza A virus (A/chicken/Nigeria/SO494/2006(H5N1)),avian,2006,10,8,Nigeria,Nigeria,Nigeria
110319972,AM262541.1,385221,Influenza A virus (A/chicken/Nigeria/BA209/2006(H5N1)),avian,2006,10,8,Nigeria,Nigeria,Nigeria
116070036,CY017027.1,387904,Influenza A virus (A/duck/Niger/914/2006(H5N1)),avian,2006,16,8,Niger,Niger,Niger
109692765,DQ650659.1,391954,Influenza A virus (A/chicken/Crimea/04/2005(H5N1)),avian,2005,45,34,Ukraine,Crimea,Crimea
109692773,DQ650663.1,391955,Influenza A virus (A/chicken/Crimea/08/2005(H5N1)),avian,2005,45,34,Ukraine,Crimea,Crimea
109941929,AM183669.1,392752,Influenza A virus (A/chicken/Indonesia/R134/03(H5N1)),avian,2003,-5,120,Indonesia,Indonesia,Indonesia
109941931,AM183670.1,392753,Influenza A virus (A/chicken/Indonesia/R60/05(H5N1)),avian,2005,-5,120,Indonesia,Indonesia,Indonesia
109941945,AM183677.1,392758,Influenza A virus (A/duck/Vietnam/TG24-O1/05(H5N1)),avian,2005,16.17,107.83,VietNam,VietNam,Vietnam
110273421,DQ838517.1,393170,Influenza A virus (A/chicken/Niger/2130-7/2006(H5N1)),avian,2006,16,8,Niger,Niger,Niger
110273419,DQ838516.1,393171,Influenza A virus (A/chicken/Niger/2130-8/2006(H5N1)),avian,2006,16,8,Niger,Niger,Niger
134048372,CY021397.1,393174,Influenza A virus (A/mallard/Italy/3401/2005(H5N1)),avian,2005,42.83,12.83,Italy,Italy,Italy
110333724,DQ837588.1,393295,Influenza A virus (A/chicken/Egypt/5611NAMRU3-AN/2006(H5N1)),avian,2006,27,30,Egypt,Egypt,Egypt
110333726,DQ837589.1,393296,Influenza A virus (A/chicken/Egypt/5612NAMRU3-S/2006(H5N1)),avian,2006,27,30,Egypt,Egypt,Egypt
110333728,DQ837590.1,393297,Influenza A virus (A/turkey/Egypt/5613NAMRU3-T/2006(H5N1)),avian,2006,27,30,Egypt,Egypt,Egypt
133983278,CY020645.1,395335,Influenza A virus (A/chicken/Egypt/2253-1/2006(H5N1)),avian,2006,27,30,Egypt,Egypt,Egypt
110631390,DQ862003.1,395336,Influenza A virus (A/chicken/Sudan/1784/2006(H5N1)),avian,2006,15,30,Sudan,Sudan,Sudan
133984040,CY020677.1,395337,Influenza A virus (A/chicken/Sudan/2115-12/2006(H5N1)),avian,2006,15,30,Sudan,Sudan,Sudan
133983806,CY020669.1,395338,Influenza A virus (A/chicken/Sudan/2115-9/2006(H5N1)),avian,2006,15,30,Sudan,Sudan,Sudan
115608087,CY016899.1,395339,Influenza A virus (A/duck/Egypt/2253-3/2006(H5N1)),avian,2006,27,30,Egypt,Egypt,Egypt
111380027,DQ864720.1,396336,Influenza A virus (A/cat/Dagestan/87/06(H5N1)),feline,2006,43,47,Russia,Dagestan,Crimea
111380017,DQ864715.1,396337,Influenza A virus (A/chicken/Adygea/203/06(H5N1)),avian,2006,45,40,Russia,Adygea,Crimea
111380023,DQ864718.1,396338,Influenza A virus (A/chicken/Krasnodar/199/06(H5N1)),avian,2006,45.0333,39,Russia,Krasnodar,Crimea
111380025,DQ864719.1,396340,Influenza A virus (A/chicken/Volgograd/236/06(H5N1)),avian,2006,48.8,44.59,Russia,Volgograd,Crimea
111380021,DQ864717.1,396341,Influenza A virus (A/goose/Crimea/615/05(H5N1)),avian,2005,45,34,Ukraine,Crimea,Crimea
111380029,DQ864721.1,396342,Influenza A virus (A/wild duck/Omsk/103-01/05(H5N1)),avian,2005,55,73.4,Russia,Omsk,Novosibirsk
112005135,DQ864711.1,397458,Influenza A virus (A/duck/Novosibirsk/02/05(H5N1)),avian,2005,55.04,82.93,Russia,Novosibirsk,Novosibirsk
116295115,DQ885618.1,398317,Influenza A virus (A/Thailand/HA20/2005(H5N1)),human,2005,15,100,Thailand,Thailand,Thailand
116295099,DQ885610.1,398320,Influenza A virus (A/Thailand/NKFE/2005(H5N1)),human,2005,15,100,Thailand,Thailand,Thailand
116295103,DQ885612.1,398322,Influenza A virus (A/Thailand/NKNP/2005(H5N1)),human,2005,15,100,Thailand,Thailand,Thailand
116295107,DQ885614.1,398325,Influenza A virus (A/Thailand/RPFE/2005(H5N1)),human,2005,15,100,Thailand,Thailand,Thailand
116295111,DQ885616.1,398328,Influenza A virus (A/Thailand/RPNP/2005(H5N1)),human,2005,15,100,Thailand,Thailand,Thailand
113204814,DQ842487.1,399785,Influenza A virus (A/goose/Guangzhou/471/2006(H5N1)),avian,2006,23.12,113.25,China,Guangzhou,Guangdong
113204818,DQ842489.1,399786,Influenza A virus (A/Guangzhou/1/2006(H5N1)),human,2006,23.12,113.25,China,Guangzhou,Guangdong
117571307,CY017179.1,400253,Influenza A virus (A/guinea fowl/Nigeria/957-12/2006(H5N1)),avian,2006,10,8,Nigeria,Nigeria,Nigeria
115344755,CY016284.1,400254,Influenza A virus (A/chicken/Nigeria/957-20/2006(H5N1)),avian,2006,10,8,Nigeria,Nigeria,Nigeria
115609536,CY016803.1,400257,Influenza A virus (A/duck/Cote d'Ivoire/1787-18/2006(H5N1)),avian,2006,8,-5,CotedIvoire,CotedIvoire,CotedIvoire
115609292,CY016811.1,400258,Influenza A virus (A/chicken/Cote d'Ivoire/1787-34/2006(H5N1)),avian,2006,8,-5,CotedIvoire,CotedIvoire,CotedIvoire
115344774,CY016292.1,400259,Influenza A virus (A/chicken/Sudan/1784-7/2006(H5N1)),avian,2006,15,30,Sudan,Sudan,Sudan
115344793,CY016300.1,400260,Influenza A virus (A/chicken/Sudan/1784-10/2006(H5N1)),avian,2006,15,30,Sudan,Sudan,Sudan
115609697,CY016827.1,400263,Influenza A virus (A/duck/Viet Nam/1/2005(H5N1)),avian,2005,16.17,107.83,VietNam,VietNam,Vietnam
115953078,CY016835.1,400264,Influenza A virus (A/chicken/Viet Nam/2/2005(H5N1)),avian,2005,16.17,107.83,VietNam,VietNam,Vietnam
115952998,CY016843.1,400265,Influenza A virus (A/chicken/Viet Nam/6/2005(H5N1)),avian,2005,16.17,107.83,VietNam,VietNam,Vietnam
115953503,CY016867.1,400268,Influenza A virus (A/chicken/Viet Nam/10/2005(H5N1)),avian,2005,16.17,107.83,VietNam,VietNam,Vietnam
115951804,CY016883.1,400270,Influenza A virus (A/duck/Viet Nam/12/2005(H5N1)),avian,2005,16.17,107.83,VietNam,VietNam,Vietnam
116070383,CY017051.1,400271,Influenza A virus (A/quail/Viet Nam/15/2005(H5N1)),avian,2005,16.17,107.83,VietNam,VietNam,Vietnam
116070364,CY017059.1,400273,Influenza A virus (A/chicken/Viet Nam/17/2005(H5N1)),avian,2005,16.17,107.83,VietNam,VietNam,Vietnam
116070093,CY017067.1,400274,Influenza A virus (A/duck/Viet Nam/18/2005(H5N1)),avian,2005,16.17,107.83,VietNam,VietNam,Vietnam
115609756,CY016891.1,400276,Influenza A virus (A/duck/Viet Nam/20/2005(H5N1)),avian,2005,16.17,107.83,VietNam,VietNam,Vietnam
115608125,CY016915.1,400284,Influenza A virus (A/ostrich/Nigeria/1047-25/2006(H5N1)),avian,2006,10,8,Nigeria,Nigeria,Nigeria
115608144,CY016923.1,400285,Influenza A virus (A/chicken/Nigeria/1047-54/2006(H5N1)),avian,2006,10,8,Nigeria,Nigeria,Nigeria
115608163,CY016931.1,400286,Influenza A virus (A/chicken/Nigeria/1047-62/2006(H5N1)),avian,2006,10,8,Nigeria,Nigeria,Nigeria
115608201,CY016947.1,400288,Influenza A virus (A/chicken/Nigeria/1047-34/2006(H5N1)),avian,2006,10,8,Nigeria,Nigeria,Nigeria
113494726,CY014204.1,400795,Influenza A virus (A/Indonesia/CDC326/2006(H5N1)),human,2006,-5,120,Indonesia,Indonesia,Indonesia
113495200,CY014206.1,400799,Influenza A virus (A/Indonesia/CDC329/2006(H5N1)),human,2006,-5,120,Indonesia,Indonesia,Indonesia
113495207,CY014207.1,400800,Influenza A virus (A/Indonesia/CDC357/2006(H5N1)),human,2006,-5,120,Indonesia,Indonesia,Indonesia
113495216,CY014209.1,400801,Influenza A virus (A/Indonesia/CDC370/2006(H5N1)),human,2006,-5,120,Indonesia,Indonesia,Indonesia
113495242,CY014213.1,400805,Influenza A virus (A/Indonesia/CDC390/2006(H5N1)),human,2006,-5,120,Indonesia,Indonesia,Indonesia
113496505,CY014384.1,400809,Influenza A virus (A/Indonesia/CDC582/2006(H5N1)),human,2006,-5,120,Indonesia,Indonesia,Indonesia
113495836,CY014280.1,400811,Influenza A virus (A/Indonesia/CDC595/2006(H5N1)),human,2006,-5,120,Indonesia,Indonesia,Indonesia
113495951,CY014296.1,400813,Influenza A virus (A/Indonesia/CDC597/2006(H5N1)),human,2006,-5,120,Indonesia,Indonesia,Indonesia
113495996,CY014303.1,400814,Influenza A virus (A/Indonesia/CDC599/2006(H5N1)),human,2006,-5,120,Indonesia,Indonesia,Indonesia
113496555,CY014393.1,400816,Influenza A virus (A/Indonesia/CDC610/2006(H5N1)),human,2006,-5,120,Indonesia,Indonesia,Indonesia
113496605,CY014401.1,400817,Influenza A virus (A/Indonesia/CDC623/2006(H5N1)),human,2006,-5,120,Indonesia,Indonesia,Indonesia
113496841,CY014433.1,400821,Influenza A virus (A/Indonesia/CDC625/2006(H5N1)),human,2006,-5,120,Indonesia,Indonesia,Indonesia
113496891,CY014441.1,400823,Influenza A virus (A/Indonesia/CDC634/2006(H5N1)),human,2006,-5,120,Indonesia,Indonesia,Indonesia
113497264,CY014497.1,400830,Influenza A virus (A/Indonesia/CDC699/2006(H5N1)),human,2006,-5,120,Indonesia,Indonesia,Indonesia
113494435,CY014177.1,400831,Influenza A virus (A/Indonesia/CDC7/2005(H5N1)),human,2005,-5,120,Indonesia,Indonesia,Indonesia
113495213,CY014208.1,400834,Influenza A virus (A/feline/Indonesia/CDC1/2006(H5N1)),feline,2006,-5,120,Indonesia,Indonesia,Indonesia
113972311,CY014537.1,401566,Influenza A virus (A/Indonesia/CDC742/2006(H5N1)),human,2006,-5,120,Indonesia,Indonesia,Indonesia
115382756,DQ997219.1,404142,Influenza A virus (A/chicken/Henan/wu/2004(H5N1)),avian,2004,31.34,112.98,China,Henan,Henan
115343521,DQ997087.1,404146,Influenza A virus (A/chicken/Hubei/wf/2002(H5N1)),avian,2002,36.55,114.13,China,Hubei,Hubei
115343549,DQ997102.1,404147,Influenza A virus (A/chicken/Hubei/wh/1997(H5N1)),avian,1997,36.55,114.13,China,Hubei,Hubei
115343568,DQ997111.1,404148,Influenza A virus (A/chicken/Hubei/wi/1997(H5N1)),avian,1997,36.55,114.13,China,Hubei,Hubei
115382807,DQ997122.1,404149,Influenza A virus (A/chicken/Hubei/wj/1997(H5N1)),avian,1997,36.55,114.13,China,Hubei,Hubei
115382830,DQ997133.1,404151,Influenza A virus (A/chicken/Hubei/wl/1997(H5N1)),avian,1997,36.55,114.13,China,Hubei,Hubei
115382847,DQ997140.1,404152,Influenza A virus (A/chicken/Hubei/wm/1997(H5N1)),avian,1997,36.55,114.13,China,Hubei,Hubei
115382859,DQ997147.1,404153,Influenza A virus (A/chicken/Hubei/wn/2003(H5N1)),avian,2003,36.55,114.13,China,Hubei,Hubei
115502941,DQ997156.1,404154,Influenza A virus (A/chicken/Hubei/wo/2003(H5N1)),avian,2003,36.55,114.13,China,Hubei,Hubei
115502957,DQ997268.1,404159,Influenza A virus (A/chicken/Jilin/ha/2003(H5N1)),avian,2003,43.85,126.55,China,Jilin,Jilin
115502972,DQ997283.1,404160,Influenza A virus (A/chicken/Jilin/hd/2002(H5N1)),avian,2002,43.85,126.55,China,Jilin,Jilin
115396976,DQ997291.1,404161,Influenza A virus (A/chicken/Jilin/he/2002(H5N1)),avian,2002,43.85,126.55,China,Jilin,Jilin
115502990,DQ997377.1,404162,Influenza A virus (A/chicken/Jilin/hf/2002(H5N1)),avian,2002,43.85,126.55,China,Jilin,Jilin
115397012,DQ997308.1,404164,Influenza A virus (A/chicken/Jilin/hh/2002(H5N1)),avian,2002,43.85,126.55,China,Jilin,Jilin
115397031,DQ997318.1,404165,Influenza A virus (A/chicken/Jilin/hj/2003(H5N1)),avian,2003,43.85,126.55,China,Jilin,Jilin
116010380,DQ997325.1,404166,Influenza A virus (A/chicken/Jilin/hk/2004(H5N1)),avian,2004,43.85,126.55,China,Jilin,Jilin
116119231,DQ997352.1,404169,Influenza A virus (A/chicken/Jilin/hn/2003(H5N1)),avian,2003,43.85,126.55,China,Jilin,Jilin
116582935,DQ997355.1,404170,Influenza A virus (A/chicken/Jilin/ho/2003(H5N1)),avian,2003,43.85,126.55,China,Jilin,Jilin
116582956,DQ997361.1,404171,Influenza A virus (A/chicken/Jilin/hp/2003(H5N1)),avian,2003,43.85,126.55,China,Jilin,Jilin
116583016,DQ997370.1,404172,Influenza A virus (A/chicken/Jilin/hq/2003(H5N1)),avian,2003,43.85,126.55,China,Jilin,Jilin
116583103,DQ997538.1,404173,Influenza A virus (A/chicken/Jilin/xv/2002(H5N1)),avian,2002,43.85,126.55,China,Jilin,Jilin
115503009,DQ997547.1,404174,Influenza A virus (A/chicken/Jilin/xw/2003(H5N1)),avian,2003,43.85,126.55,China,Jilin,Jilin
115343534,DQ997094.1,404178,Influenza A virus (A/duck/Hubei/wg/2002(H5N1)),avian,2002,36.55,114.13,China,Hubei,Hubei
115526929,DQ997163.1,404179,Influenza A virus (A/duck/Hubei/wp/2003(H5N1)),avian,2003,36.55,114.13,China,Hubei,Hubei
115526951,DQ997531.1,404182,Influenza A virus (A/duck/Shanghai/xj/2002(H5N1)),avian,2002,31.2,121.44,China,Shanghai,Shanghai
115526992,DQ997405.1,404184,Influenza A virus (A/goose/Fujian/bb/2003(H5N1)),avian,2003,26.55,117.84,China,Fujian,Fujian
115527004,DQ997522.1,404185,Influenza A virus (A/goose/Guangdong/xb/2001(H5N1)),avian,2001,23,113,China,Guangdong,Guangdong
115527022,DQ997276.1,404186,Influenza A virus (A/goose/Jilin/hb/2003(H5N1)),avian,2003,43.85,126.55,China,Jilin,Jilin
115527053,DQ997218.1,404187,Influenza A virus (A/mallard/Guangxi/wt/2004(H5N1)),avian,2004,24,109,China,Guangxi,Guangxi
115589722,DQ997262.1,404190,Influenza A virus (A/swine/Guangxi/wz/2004(H5N1)),swine,2004,24,109,China,Guangxi,Guangxi
115607426,DQ997253.1,404191,Influenza A virus (A/swine/Henan/wy/2004(H5N1)),swine,2004,31.34,112.98,China,Henan,Henan
116248058,EF061116.1,407369,Influenza A virus (A/Egypt/12374-NAMRU3/2006(H5N1)),human,2006,27,30,Egypt,Egypt,Egypt
116271198,DQ992780.1,407394,Influenza A virus (A/Guinea fowl/Shantou/1341/2006(H5N1)),avian,2006,28.97,117.92,China,Shantou,Guangdong
116271322,DQ992842.1,407395,Influenza A virus (A/Japanese white-eye/Hong Kong/1038/2006(H5N1)),avian,2006,22.25,114.18,HongKong,HongKong,HongKong
116271284,DQ992823.1,407397,Influenza A virus (A/chicken/Fujian/10313/2005(H5N1)),avian,2005,26.55,117.84,China,Fujian,Fujian
116271286,DQ992824.1,407398,Influenza A virus (A/chicken/Fujian/10567/2005(H5N1)),avian,2005,26.55,117.84,China,Fujian,Fujian
116271294,DQ992828.1,407399,Influenza A virus (A/chicken/Fujian/11933/2005(H5N1)),avian,2005,26.55,117.84,China,Fujian,Fujian
116271298,DQ992830.1,407400,Influenza A virus (A/chicken/Fujian/12239/2005(H5N1)),avian,2005,26.55,117.84,China,Fujian,Fujian
116271300,DQ992831.1,407401,Influenza A virus (A/chicken/Fujian/584/2006(H5N1)),avian,2006,26.55,117.84,China,Fujian,Fujian
116271280,DQ992821.1,407403,Influenza A virus (A/chicken/Fujian/9821/2005(H5N1)),avian,2005,26.55,117.84,China,Fujian,Fujian
116271700,DQ993031.1,407405,Influenza A virus (A/chicken/Guangxi/1212/2006(H5N1)),avian,2006,24,109,China,Guangxi,Guangxi
116271690,DQ993026.1,407406,Influenza A virus (A/chicken/Guangxi/1951/2006(H5N1)),avian,2006,24,109,China,Guangxi,Guangxi
116271074,DQ992718.1,407407,Influenza A virus (A/chicken/Guangxi/3154/2005(H5N1)),avian,2005,24,109,China,Guangxi,Guangxi
116271086,DQ992724.1,407408,Influenza A virus (A/chicken/Guangxi/3791/2005(H5N1)),avian,2005,24,109,China,Guangxi,Guangxi
116271128,DQ992745.1,407409,Influenza A virus (A/chicken/Guangxi/463/2006(H5N1)),avian,2006,24,109,China,Guangxi,Guangxi
116271866,DQ993114.1,407411,Influenza A virus (A/chicken/Guangxi/683/2006(H5N1)),avian,2006,24,109,China,Guangxi,Guangxi
116271182,DQ992772.1,407415,Influenza A virus (A/chicken/Guiyang/1218/2006(H5N1)),avian,2006,26.15,114.62,China,Guiyang,Guizhou
116271142,DQ992752.1,407420,Influenza A virus (A/chicken/Guiyang/2173/2005(H5N1)),avian,2005,26.15,114.62,China,Guiyang,Guizhou
116271164,DQ992763.1,407424,Influenza A virus (A/chicken/Guiyang/29/2006(H5N1)),avian,2006,26.15,114.62,China,Guiyang,Guizhou
116271148,DQ992755.1,407425,Influenza A virus (A/chicken/Guiyang/3055/2005(H5N1)),avian,2005,26.15,114.62,China,Guiyang,Guizhou
116271154,DQ992758.1,407430,Influenza A virus (A/chicken/Guiyang/3570/2005(H5N1)),avian,2005,26.15,114.62,China,Guiyang,Guizhou
116271156,DQ992759.1,407431,Influenza A virus (A/chicken/Guiyang/3721/2005(H5N1)),avian,2005,26.15,114.62,China,Guiyang,Guizhou
116271162,DQ992762.1,407433,Influenza A virus (A/chicken/Guiyang/4059/2005(H5N1)),avian,2005,26.15,114.62,China,Guiyang,Guizhou
116271170,DQ992766.1,407434,Influenza A virus (A/chicken/Guiyang/441/2006(H5N1)),avian,2006,26.15,114.62,China,Guiyang,Guizhou
116271176,DQ992769.1,407435,Influenza A virus (A/chicken/Guiyang/846/2006(H5N1)),avian,2006,26.15,114.62,China,Guiyang,Guizhou
116271310,DQ992836.1,407436,Influenza A virus (A/chicken/Hong Kong/282/2006(H5N1)),avian,2006,22.25,114.18,HongKong,HongKong,HongKong
116271320,DQ992841.1,407437,Influenza A virus (A/chicken/Hong Kong/947/2006(H5N1)),avian,2006,22.25,114.18,HongKong,HongKong,HongKong
116271196,DQ992779.1,407440,Influenza A virus (A/chicken/Shantou/1233/2006(H5N1)),avian,2006,28.97,117.92,China,Shantou,Guangdong
116271208,DQ992785.1,407441,Influenza A virus (A/chicken/Shantou/3840/2006(H5N1)),avian,2006,28.97,117.92,China,Shantou,Guangdong
116271316,DQ992839.1,407447,Influenza A virus (A/common magpie/Hong Kong/645/2006(H5N1)),avian,2006,22.25,114.18,HongKong,HongKong,HongKong
116271314,DQ992838.1,407448,Influenza A virus (A/crested myna/Hong Kong/540/2006(H5N1)),avian,2006,22.25,114.18,HongKong,HongKong,HongKong
116271290,DQ992826.1,407453,Influenza A virus (A/duck/Fujian/11094/2005(H5N1)),avian,2005,26.55,117.84,China,Fujian,Fujian
116271296,DQ992829.1,407456,Influenza A virus (A/duck/Fujian/12032/2005(H5N1)),avian,2005,26.55,117.84,China,Fujian,Fujian
116271302,DQ992832.1,407466,Influenza A virus (A/duck/Fujian/668/2006(H5N1)),avian,2006,26.55,117.84,China,Fujian,Fujian
116271698,DQ993030.1,407475,Influenza A virus (A/duck/Guangxi/1258/2006(H5N1)),avian,2006,24,109,China,Guangxi,Guangxi
116271122,DQ992742.1,407479,Influenza A virus (A/duck/Guangxi/150/2006(H5N1)),avian,2006,24,109,China,Guangxi,Guangxi
116271684,DQ993023.1,407481,Influenza A virus (A/duck/Guangxi/1830/2006(H5N1)),avian,2006,24,109,China,Guangxi,Guangxi
116271682,DQ993022.1,407487,Influenza A virus (A/duck/Guangxi/2143/2006(H5N1)),avian,2006,24,109,China,Guangxi,Guangxi
116271066,DQ992714.1,407489,Influenza A virus (A/duck/Guangxi/2775/2005(H5N1)),avian,2005,24,109,China,Guangxi,Guangxi
116271126,DQ992744.1,407490,Influenza A virus (A/duck/Guangxi/288/2006(H5N1)),avian,2006,24,109,China,Guangxi,Guangxi
116271068,DQ992715.1,407491,Influenza A virus (A/duck/Guangxi/2926/2005(H5N1)),avian,2005,24,109,China,Guangxi,Guangxi
116271072,DQ992717.1,407492,Influenza A virus (A/duck/Guangxi/3085/2005(H5N1)),avian,2005,24,109,China,Guangxi,Guangxi
116271080,DQ992721.1,407496,Influenza A virus (A/duck/Guangxi/3548/2005(H5N1)),avian,2005,24,109,China,Guangxi,Guangxi
116271084,DQ992723.1,407499,Influenza A virus (A/duck/Guangxi/3741/2005(H5N1)),avian,2005,24,109,China,Guangxi,Guangxi
116271088,DQ992725.1,407500,Influenza A virus (A/duck/Guangxi/3819/2005(H5N1)),avian,2005,24,109,China,Guangxi,Guangxi
116271130,DQ992746.1,407503,Influenza A virus (A/duck/Guangxi/392/2006(H5N1)),avian,2006,24,109,China,Guangxi,Guangxi
116271090,DQ992726.1,407504,Influenza A virus (A/duck/Guangxi/4016/2005(H5N1)),avian,2005,24,109,China,Guangxi,Guangxi
116271092,DQ992727.1,407506,Influenza A virus (A/duck/Guangxi/4184/2005(H5N1)),avian,2005,24,109,China,Guangxi,Guangxi
116271094,DQ992728.1,407508,Influenza A virus (A/duck/Guangxi/4196/2005(H5N1)),avian,2005,24,109,China,Guangxi,Guangxi
116271104,DQ992733.1,407518,Influenza A virus (A/duck/Guangxi/4830/2005(H5N1)),avian,2005,24,109,China,Guangxi,Guangxi
116271112,DQ992737.1,407525,Influenza A virus (A/duck/Guangxi/5270/2005(H5N1)),avian,2005,24,109,China,Guangxi,Guangxi
116271116,DQ992739.1,407528,Influenza A virus (A/duck/Guangxi/5457/2005(H5N1)),avian,2005,24,109,China,Guangxi,Guangxi
116271120,DQ992741.1,407533,Influenza A virus (A/duck/Guangxi/89/2006(H5N1)),avian,2006,24,109,China,Guangxi,Guangxi
116271184,DQ992773.1,407536,Influenza A virus (A/duck/Guiyang/1260/2006(H5N1)),avian,2006,26.15,114.62,China,Guiyang,Guizhou
116271188,DQ992775.1,407540,Influenza A virus (A/duck/Guiyang/1418/2006(H5N1)),avian,2006,26.15,114.62,China,Guiyang,Guizhou
116271144,DQ992753.1,407555,Influenza A virus (A/duck/Guiyang/2231/2005(H5N1)),avian,2005,26.15,114.62,China,Guiyang,Guizhou
116271166,DQ992764.1,407564,Influenza A virus (A/duck/Guiyang/293/2006(H5N1)),avian,2006,26.15,114.62,China,Guiyang,Guizhou
116271146,DQ992754.1,407566,Influenza A virus (A/duck/Guiyang/3009/2005(H5N1)),avian,2005,26.15,114.62,China,Guiyang,Guizhou
116271150,DQ992756.1,407573,Influenza A virus (A/duck/Guiyang/3242/2005(H5N1)),avian,2005,26.15,114.62,China,Guiyang,Guizhou
116271158,DQ992760.1,407582,Influenza A virus (A/duck/Guiyang/3834/2005(H5N1)),avian,2005,26.15,114.62,China,Guiyang,Guizhou
116271160,DQ992761.1,407586,Influenza A virus (A/duck/Guiyang/3996/2005(H5N1)),avian,2005,26.15,114.62,China,Guiyang,Guizhou
116271172,DQ992767.1,407587,Influenza A virus (A/duck/Guiyang/497/2006(H5N1)),avian,2006,26.15,114.62,China,Guiyang,Guizhou
116271220,DQ992791.1,407607,Influenza A virus (A/duck/Hunan/344/2006(H5N1)),avian,2006,26.86,117.49,China,Hunan,Hunan
116271214,DQ992788.1,407617,Influenza A virus (A/duck/Hunan/5152/2005(H5N1)),avian,2005,26.86,117.49,China,Hunan,Hunan
116271222,DQ992792.1,407622,Influenza A virus (A/duck/Hunan/856/2006(H5N1)),avian,2006,26.86,117.49,China,Hunan,Hunan
116271190,DQ992776.1,407627,Influenza A virus (A/duck/Shantou/13323/2005(H5N1)),avian,2005,28.97,117.92,China,Shantou,Guangdong
116271264,DQ992813.1,407628,Influenza A virus (A/duck/Yunnan/1126/2006(H5N1)),avian,2006,25,102,China,Yunnan,Yunnan
116271232,DQ992797.1,407642,Influenza A virus (A/duck/Yunnan/4400/2005(H5N1)),avian,2005,25,102,China,Yunnan,Yunnan
116271236,DQ992799.1,407645,Influenza A virus (A/duck/Yunnan/4589/2005(H5N1)),avian,2005,25,102,China,Yunnan,Yunnan
116271240,DQ992801.1,407647,Influenza A virus (A/duck/Yunnan/5133/2005(H5N1)),avian,2005,25,102,China,Yunnan,Yunnan
116271244,DQ992803.1,407649,Influenza A virus (A/duck/Yunnan/5251/2005(H5N1)),avian,2005,25,102,China,Yunnan,Yunnan
116271252,DQ992807.1,407661,Influenza A virus (A/duck/Yunnan/5877/2005(H5N1)),avian,2005,25,102,China,Yunnan,Yunnan
116271262,DQ992812.1,407663,Influenza A virus (A/duck/Yunnan/6607/2005(H5N1)),avian,2005,25,102,China,Yunnan,Yunnan
116271692,DQ993027.1,407664,Influenza A virus (A/goose/Guangxi/1458/2006(H5N1)),avian,2006,24,109,China,Guangxi,Guangxi
116271688,DQ993025.1,407665,Influenza A virus (A/goose/Guangxi/1633/2006(H5N1)),avian,2006,24,109,China,Guangxi,Guangxi
116271686,DQ993024.1,407667,Influenza A virus (A/goose/Guangxi/1898/2006(H5N1)),avian,2006,24,109,China,Guangxi,Guangxi
116271124,DQ992743.1,407669,Influenza A virus (A/goose/Guangxi/224/2006(H5N1)),avian,2006,24,109,China,Guangxi,Guangxi
116271070,DQ992716.1,407671,Influenza A virus (A/goose/Guangxi/3017/2005(H5N1)),avian,2005,24,109,China,Guangxi,Guangxi
116271076,DQ992719.1,407672,Influenza A virus (A/goose/Guangxi/3316/2005(H5N1)),avian,2005,24,109,China,Guangxi,Guangxi
116271082,DQ992722.1,407673,Influenza A virus (A/goose/Guangxi/3714/2005(H5N1)),avian,2005,24,109,China,Guangxi,Guangxi
116271100,DQ992731.1,407677,Influenza A virus (A/goose/Guangxi/4513/2005(H5N1)),avian,2005,24,109,China,Guangxi,Guangxi
116271118,DQ992740.1,407681,Influenza A virus (A/goose/Guangxi/52/2006(H5N1)),avian,2006,24,109,China,Guangxi,Guangxi
116271872,DQ993117.1,407682,Influenza A virus (A/goose/Guangxi/532/2006(H5N1)),avian,2006,24,109,China,Guangxi,Guangxi
116271132,DQ992747.1,407686,Influenza A virus (A/goose/Guangxi/582/2006(H5N1)),avian,2006,24,109,China,Guangxi,Guangxi
116271180,DQ992771.1,407688,Influenza A virus (A/goose/Guiyang/1175/2006(H5N1)),avian,2006,26.15,114.62,China,Guiyang,Guizhou
116271186,DQ992774.1,407689,Influenza A virus (A/goose/Guiyang/1304/2006(H5N1)),avian,2006,26.15,114.62,China,Guiyang,Guizhou
116271168,DQ992765.1,407713,Influenza A virus (A/goose/Guiyang/337/2006(H5N1)),avian,2006,26.15,114.62,China,Guiyang,Guizhou
116271192,DQ992777.1,407734,Influenza A virus (A/goose/Shantou/18442/2005(H5N1)),avian,2005,28.97,117.92,China,Shantou,Guangdong
116271200,DQ992781.1,407736,Influenza A virus (A/goose/Shantou/2086/2006(H5N1)),avian,2006,28.97,117.92,China,Shantou,Guangdong
116271194,DQ992778.1,407738,Influenza A virus (A/goose/Shantou/239/2006(H5N1)),avian,2006,28.97,117.92,China,Shantou,Guangdong
116271204,DQ992783.1,407739,Influenza A virus (A/goose/Shantou/3265/2006(H5N1)),avian,2006,28.97,117.92,China,Shantou,Guangdong
116271206,DQ992784.1,407741,Influenza A virus (A/goose/Shantou/3295/2006(H5N1)),avian,2006,28.97,117.92,China,Shantou,Guangdong
116271266,DQ992814.1,407744,Influenza A virus (A/goose/Yunnan/1136/2006(H5N1)),avian,2006,25,102,China,Yunnan,Yunnan
116271268,DQ992815.1,407745,Influenza A virus (A/goose/Yunnan/1143/2006(H5N1)),avian,2006,25,102,China,Yunnan,Yunnan
116271270,DQ992816.1,407746,Influenza A virus (A/goose/Yunnan/1144/2006(H5N1)),avian,2006,25,102,China,Yunnan,Yunnan
116271272,DQ992817.1,407748,Influenza A virus (A/goose/Yunnan/1338/2006(H5N1)),avian,2006,25,102,China,Yunnan,Yunnan
116271274,DQ992818.1,407750,Influenza A virus (A/goose/Yunnan/1396/2006(H5N1)),avian,2006,25,102,China,Yunnan,Yunnan
116271226,DQ992794.1,407768,Influenza A virus (A/goose/Yunnan/3315/2005(H5N1)),avian,2005,25,102,China,Yunnan,Yunnan
116271228,DQ992795.1,407773,Influenza A virus (A/goose/Yunnan/3720/2005(H5N1)),avian,2005,25,102,China,Yunnan,Yunnan
116271230,DQ992796.1,407774,Influenza A virus (A/goose/Yunnan/4129/2005(H5N1)),avian,2005,25,102,China,Yunnan,Yunnan
116271234,DQ992798.1,407775,Influenza A virus (A/goose/Yunnan/4494/2005(H5N1)),avian,2005,25,102,China,Yunnan,Yunnan
116271238,DQ992800.1,407778,Influenza A virus (A/goose/Yunnan/4804/2005(H5N1)),avian,2005,25,102,China,Yunnan,Yunnan
116271248,DQ992805.1,407788,Influenza A virus (A/goose/Yunnan/5539/2005(H5N1)),avian,2005,25,102,China,Yunnan,Yunnan
116271254,DQ992808.1,407789,Influenza A virus (A/goose/Yunnan/6027/2005(H5N1)),avian,2005,25,102,China,Yunnan,Yunnan
116271256,DQ992809.1,407790,Influenza A virus (A/goose/Yunnan/6169/2005(H5N1)),avian,2005,25,102,China,Yunnan,Yunnan
116271260,DQ992811.1,407791,Influenza A virus (A/goose/Yunnan/6368/2005(H5N1)),avian,2005,25,102,China,Yunnan,Yunnan
116271334,DQ992848.1,407793,Influenza A virus (A/house crow/Hong Kong/2648/2006(H5N1)),avian,2006,22.25,114.18,HongKong,HongKong,HongKong
116271336,DQ992849.1,407794,Influenza A virus (A/house crow/Hong Kong/2858/2006(H5N1)),avian,2006,22.25,114.18,HongKong,HongKong,HongKong
116271202,DQ992782.1,407798,Influenza A virus (A/pheasant/Shantou/2239/2006(H5N1)),avian,2006,28.97,117.92,China,Shantou,Guangdong
116271308,DQ992835.1,407800,Influenza A virus (A/robin/Hong Kong/75/2006(H5N1)),avian,2006,22.25,114.18,HongKong,HongKong,HongKong
116664738,DQ999872.1,408165,Influenza A virus (A/chicken/Thailand/NP-172/2006(H5N1)),avian,2006,15,100,Thailand,Thailand,Thailand
116664740,DQ999880.1,408166,Influenza A virus (A/chicken/Thailand/PC-168/2006(H5N1)),avian,2006,15,100,Thailand,Thailand,Thailand
116664736,DQ999887.1,408167,Influenza A virus (A/chicken/Thailand/PC-170/2006(H5N1)),avian,2006,15,100,Thailand,Thailand,Thailand
117276585,EF042614.1,409924,Influenza A virus (A/Egypt/2763-NAMRU3/2006(H5N1)),human,2006,27,30,Egypt,Egypt,Egypt
117276587,EF042615.1,409925,Influenza A virus (A/Egypt/2783-NAMRU3/2006(H5N1)),human,2006,27,30,Egypt,Egypt,Egypt
117276592,EF042617.1,409927,Influenza A virus (A/Egypt/2947-NAMRU3/2006(H5N1)),human,2006,27,30,Egypt,Egypt,Egypt
117276595,EF042618.1,409928,Influenza A virus (A/Egypt/3105-NAMRU3/2006(H5N1)),human,2006,27,30,Egypt,Egypt,Egypt
117276600,EF042619.1,409929,Influenza A virus (A/Egypt/3458-NAMRU3/2006(H5N1)),human,2006,27,30,Egypt,Egypt,Egypt
117276597,EF042620.1,409930,Influenza A virus (A/Egypt/5494-NAMRU3/2006(H5N1)),human,2006,27,30,Egypt,Egypt,Egypt
117276602,EF042621.1,409931,Influenza A virus (A/Egypt/5614-NAMRU3/2006(H5N1)),human,2006,27,30,Egypt,Egypt,Egypt
117395034,EF042622.1,409942,Influenza A virus (A/chicken/Egypt/10845-NAMRU3/2006(H5N1)),avian,2006,27,30,Egypt,Egypt,Egypt
117395044,EF042624.1,409944,Influenza A virus (A/teal/Egypt/14051-NAMRU3/2005(H5N1)),avian,2005,27,30,Egypt,Egypt,Egypt
118200841,EF090649.1,412970,Influenza A virus (A/chicken/Burkina Faso/5346-11/2006(H5N1)),avian,2006,13,-2,BurkinaFaso,BurkinaFaso,BurkinaFaso
118200843,EF090650.1,412971,Influenza A virus (A/chicken/Burkina Faso/5346-14/2006(H5N1)),avian,2006,13,-2,BurkinaFaso,BurkinaFaso,BurkinaFaso
118200839,EF090648.1,412973,Influenza A virus (A/hooded vulture/Burkina Faso/5346-10/2006(H5N1)),avian,2006,13,-2,BurkinaFaso,BurkinaFaso,BurkinaFaso
118200837,EF090647.1,412974,Influenza A virus (A/guinea fowl/Burkina Faso/5346-26/2006(H5N1)),avian,2006,13,-2,BurkinaFaso,BurkinaFaso,BurkinaFaso
95116889,DQ535724.1,413883,Influenza A virus (A/Vietnam/PEV16T/2005(H5N1)),human,2005,16.17,107.83,VietNam,VietNam,Vietnam
