taxid,Location,Lat,Long
taxid100834,HongKong,22.25,114.18
taxid100835,HongKong,22.25,114.18
taxid100836,HongKong,22.25,114.18
taxid100837,HongKong,22.25,114.18
taxid100838,HongKong,22.25,114.18
taxid100840,HongKong,22.25,114.18
taxid100841,HongKong,22.25,114.18
taxid100850,HongKong,22.25,114.18
taxid100853,HongKong,22.25,114.18
taxid100854,HongKong,22.25,114.18
taxid107423,HongKong,22.25,114.18
taxid107424,HongKong,22.25,114.18
taxid130763,HongKong,22.25,114.18
taxid132612,HongKong,22.25,114.18
taxid135658,HongKong,22.25,114.18
taxid135659,HongKong,22.25,114.18
taxid135660,HongKong,22.25,114.18
taxid135661,HongKong,22.25,114.18
taxid155218,HongKong,22.25,114.18
taxid155219,HongKong,22.25,114.18
taxid155220,HongKong,22.25,114.18
taxid155222,HongKong,22.25,114.18
taxid155223,HongKong,22.25,114.18
taxid155224,HongKong,22.25,114.18
taxid155225,HongKong,22.25,114.18
taxid155226,HongKong,22.25,114.18
taxid155227,HongKong,22.25,114.18
taxid165512,China,35.00,105.00
taxid173721,NorthEurope,62,15
taxid176671,HongKong,22.25,114.18
taxid176672,HongKong,22.25,114.18
taxid176673,HongKong,22.25,114.18
taxid176674,HongKong,22.25,114.18
taxid176675,HongKong,22.25,114.18
taxid176676,HongKong,22.25,114.18
taxid176677,HongKong,22.25,114.18
taxid176850,HongKong,22.25,114.18
taxid176851,HongKong,22.25,114.18
taxid182781,HongKong,22.25,114.18
taxid182782,HongKong,22.25,114.18
taxid186166,HongKong,22.25,114.18
taxid186167,HongKong,22.25,114.18
taxid186168,HongKong,22.25,114.18
taxid196425,HongKong,22.25,114.18
taxid196426,HongKong,22.25,114.18
taxid196427,HongKong,22.25,114.18
taxid196428,HongKong,22.25,114.18
taxid196430,HongKong,22.25,114.18
taxid196432,HongKong,22.25,114.18
taxid196433,HongKong,22.25,114.18
taxid196434,HongKong,22.25,114.18
taxid196435,HongKong,22.25,114.18
taxid196436,HongKong,22.25,114.18
taxid196437,HongKong,22.25,114.18
taxid196438,HongKong,22.25,114.18
taxid196439,HongKong,22.25,114.18
taxid196440,HongKong,22.25,114.18
taxid196441,HongKong,22.25,114.18
taxid196442,HongKong,22.25,114.18
taxid196443,HongKong,22.25,114.18
taxid196444,HongKong,22.25,114.18
taxid196445,HongKong,22.25,114.18
taxid196446,HongKong,22.25,114.18
taxid196447,HongKong,22.25,114.18
taxid196448,HongKong,22.25,114.18
taxid196450,HongKong,22.25,114.18
taxid197012,China,35.00,105.00
taxid222140,HongKong,22.25,114.18
taxid222142,HongKong,22.25,114.18
taxid222144,HongKong,22.25,114.18
taxid222146,HongKong,22.25,114.18
taxid222147,HongKong,22.25,114.18
taxid261268,Vietnam,16.17,107.83
taxid261666,China,35.00,105.00
taxid266093,Japan,36,138
taxid266827,Thailand,15.00,100.00
taxid266828,Thailand,15.00,100.00
taxid269177,Vietnam,16.17,107.83
taxid269178,Vietnam,16.17,107.83
taxid270223,Thailand,15.00,100.00
taxid270485,Thailand,15.00,100.00
taxid270486,Thailand,15.00,100.00
taxid270491,Thailand,15.00,100.00
taxid270510,Vietnam,16.17,107.83
taxid270511,Vietnam,16.17,107.83
taxid270936,Thailand,15.00,100.00
taxid270945,Thailand,15.00,100.00
taxid274827,China,35.00,105.00
taxid274828,China,35.00,105.00
taxid274829,China,35.00,105.00
taxid274830,China,35.00,105.00
taxid274831,China,35.00,105.00
taxid274832,China,35.00,105.00
taxid274833,China,35.00,105.00
taxid274834,China,35.00,105.00
taxid274835,China,35.00,105.00
taxid274836,China,35.00,105.00
taxid274837,China,35.00,105.00
taxid274838,China,35.00,105.00
taxid274839,China,35.00,105.00
taxid274840,China,35.00,105.00
taxid274841,China,35.00,105.00
taxid274842,China,35.00,105.00
taxid274843,China,35.00,105.00
taxid274844,China,35.00,105.00
taxid274845,China,35.00,105.00
taxid274846,China,35.00,105.00
taxid274848,China,35.00,105.00
taxid279728,China,35.00,105.00
taxid279794,HongKong,22.25,114.18
taxid279795,HongKong,22.25,114.18
taxid279796,HongKong,22.25,114.18
taxid279797,HongKong,22.25,114.18
taxid279798,HongKong,22.25,114.18
taxid279799,HongKong,22.25,114.18
taxid279800,HongKong,22.25,114.18
taxid279801,HongKong,22.25,114.18
taxid279802,HongKong,22.25,114.18
taxid279803,HongKong,22.25,114.18
taxid279804,HongKong,22.25,114.18
taxid279805,HongKong,22.25,114.18
taxid282663,China,35.00,105.00
taxid283659,Thailand,15.00,100.00
taxid283660,Thailand,15.00,100.00
taxid284166,Thailand,15.00,100.00
taxid284167,HongKong,22.25,114.18
taxid284168,HongKong,22.25,114.18
taxid284169,HongKong,22.25,114.18
taxid284170,HongKong,22.25,114.18
taxid284171,HongKong,22.25,114.18
taxid284172,HongKong,22.25,114.18
taxid284173,HongKong,22.25,114.18
taxid284174,HongKong,22.25,114.18
taxid284175,HongKong,22.25,114.18
taxid284176,HongKong,22.25,114.18
taxid284177,HongKong,22.25,114.18
taxid284178,HongKong,22.25,114.18
taxid284179,Indonesia,-5.00,120.00
taxid284180,Indonesia,-5.00,120.00
taxid284181,Indonesia,-5.00,120.00
taxid284182,Indonesia,-5.00,120.00
taxid284183,Indonesia,-5.00,120.00
taxid284184,China,35.00,105.00
taxid284185,Thailand,15.00,100.00
taxid284186,Thailand,15.00,100.00
taxid284187,Thailand,15.00,100.00
taxid284188,Vietnam,16.17,107.83
taxid284189,Vietnam,16.17,107.83
taxid284190,Vietnam,16.17,107.83
taxid284191,Vietnam,16.17,107.83
taxid284192,Vietnam,16.17,107.83
taxid284193,Vietnam,16.17,107.83
taxid284194,Vietnam,16.17,107.83
taxid284195,China,35.00,105.00
taxid284196,China,35.00,105.00
taxid284197,China,35.00,105.00
taxid284198,China,35.00,105.00
taxid284199,China,35.00,105.00
taxid284200,Indonesia,-5.00,120.00
taxid284201,China,35.00,105.00
taxid284203,Thailand,15.00,100.00
taxid284204,Vietnam,16.17,107.83
taxid284205,China,35.00,105.00
taxid284206,China,35.00,105.00
taxid284207,HongKong,22.25,114.18
taxid284208,HongKong,22.25,114.18
taxid284209,HongKong,22.25,114.18
taxid284210,Thailand,15.00,100.00
taxid284211,HongKong,22.25,114.18
taxid284212,China,35.00,105.00
taxid284213,Thailand,15.00,100.00
taxid284214,HongKong,22.25,114.18
taxid284215,China,35.00,105.00
taxid284216,HongKong,22.25,114.18
taxid284217,Vietnam,16.17,107.83
taxid284218,Vietnam,16.17,107.83
taxid284219,Vietnam,16.17,107.83
taxid284220,Vietnam,16.17,107.83
taxid285712,China,35.00,105.00
taxid287864,China,35.00,105.00
taxid287865,China,35.00,105.00
taxid287866,Thailand,15.00,100.00
taxid288028,China,35.00,105.00
taxid291365,Japan,36,138
taxid291366,Japan,36,138
taxid291592,Japan,36,138
taxid291593,Japan,36,138
taxid291634,Vietnam,16.17,107.83
taxid295670,China,35.00,105.00
taxid295671,China,35.00,105.00
taxid297793,Thailand,15.00,100.00
taxid298603,China,35.00,105.00
taxid299129,Thailand,15.00,100.00
taxid299387,Vietnam,16.17,107.83
taxid299388,Vietnam,16.17,107.83
taxid299619,Thailand,15.00,100.00
taxid299620,Thailand,15.00,100.00
taxid300113,Vietnam,16.17,107.83
taxid300118,Vietnam,16.17,107.83
taxid300123,Vietnam,16.17,107.83
taxid301241,Thailand,15.00,100.00
taxid303316,Vietnam,16.17,107.83
taxid303922,SouthKorea,37,127.5
taxid303923,HongKong,22.25,114.18
taxid303924,SouthKorea,37,127.5
taxid303925,HongKong,22.25,114.18
taxid304337,China,35.00,105.00
taxid305398,Thailand,15.00,100.00
taxid305847,China,35.00,105.00
taxid307154,Thailand,15.00,100.00
taxid307622,China,35.00,105.00
taxid309834,China,35.00,105.00
taxid309836,China,35.00,105.00
taxid309837,China,35.00,105.00
taxid310538,Thailand,15.00,100.00
taxid311555,Vietnam,16.17,107.83
taxid311556,Vietnam,16.17,107.83
taxid319101,China,35.00,105.00
taxid319102,China,35.00,105.00
taxid319103,China,35.00,105.00
taxid319104,China,35.00,105.00
taxid319105,China,35.00,105.00
taxid319106,China,35.00,105.00
taxid320306,WestEurope,46.00,2.00
taxid322564,Thailand,15.00,100.00
taxid322565,Thailand,15.00,100.00
taxid322566,Thailand,15.00,100.00
taxid322567,Thailand,15.00,100.00
taxid326031,HongKong,22.25,114.18
taxid326198,China,35.00,105.00
taxid326490,Japan,36,138
taxid327048,Japan,36,138
taxid329180,NorthEurope,62,15
taxid329182,USA,38,-98
taxid329183,USA,38,-98
taxid329266,China,35.00,105.00
taxid329384,WestEurope,46.00,2.00
taxid332192,China,35.00,105.00
taxid336092,China,35.00,105.00
taxid336093,China,35.00,105.00
taxid336094,China,35.00,105.00
taxid336095,China,35.00,105.00
taxid336232,China,35.00,105.00
taxid336233,China,35.00,105.00
taxid336234,China,35.00,105.00
taxid336235,China,35.00,105.00
taxid336236,China,35.00,105.00
taxid336237,China,35.00,105.00
taxid336238,China,35.00,105.00
taxid336239,China,35.00,105.00
taxid336240,China,35.00,105.00
taxid336241,China,35.00,105.00
taxid336242,China,35.00,105.00
taxid336243,China,35.00,105.00
taxid336244,China,35.00,105.00
taxid336245,China,35.00,105.00
taxid336246,China,35.00,105.00
taxid336247,China,35.00,105.00
taxid336248,China,35.00,105.00
taxid336249,China,35.00,105.00
taxid336250,China,35.00,105.00
taxid336251,China,35.00,105.00
taxid337309,China,35.00,105.00
taxid337310,China,35.00,105.00
taxid337311,China,35.00,105.00
taxid337312,China,35.00,105.00
taxid337590,Thailand,15.00,100.00
taxid337591,Thailand,15.00,100.00
taxid337592,Thailand,15.00,100.00
taxid337593,Thailand,15.00,100.00
taxid337594,Thailand,15.00,100.00
taxid337595,Thailand,15.00,100.00
taxid337596,Thailand,15.00,100.00
taxid337597,Thailand,15.00,100.00
taxid337598,Thailand,15.00,100.00
taxid337599,Thailand,15.00,100.00
taxid337600,Thailand,15.00,100.00
taxid337601,Thailand,15.00,100.00
taxid337602,Thailand,15.00,100.00
taxid337603,Thailand,15.00,100.00
taxid337604,Thailand,15.00,100.00
taxid337605,Thailand,15.00,100.00
taxid337606,Thailand,15.00,100.00
taxid337607,Thailand,15.00,100.00
taxid337608,Thailand,15.00,100.00
taxid337609,Thailand,15.00,100.00
taxid337610,Thailand,15.00,100.00
taxid337611,Thailand,15.00,100.00
taxid337612,Thailand,15.00,100.00
taxid337613,Thailand,15.00,100.00
taxid337614,Thailand,15.00,100.00
taxid337615,Thailand,15.00,100.00
taxid337616,Thailand,15.00,100.00
taxid337617,Thailand,15.00,100.00
taxid337618,Thailand,15.00,100.00
taxid337619,Thailand,15.00,100.00
taxid337620,Thailand,15.00,100.00
taxid337621,Thailand,15.00,100.00
taxid337622,Thailand,15.00,100.00
taxid337623,Thailand,15.00,100.00
taxid337624,Thailand,15.00,100.00
taxid337625,Thailand,15.00,100.00
taxid340012,Vietnam,16.17,107.83
taxid344595,Mongolia,46.00,105.00
taxid344596,Mongolia,46.00,105.00
taxid344597,Mongolia,46.00,105.00
taxid344598,Mongolia,46.00,105.00
taxid345295,China,35.00,105.00
taxid348156,China,35.00,105.00
taxid348599,China,35.00,105.00
taxid348600,China,35.00,105.00
taxid348601,China,35.00,105.00
taxid348602,China,35.00,105.00
taxid352375,Vietnam,16.17,107.83
taxid353252,Russia,60.00,100.00
taxid353253,Russia,60.00,100.00
taxid354085,Thailand,15.00,100.00
taxid354086,Thailand,15.00,100.00
taxid357205,HongKong,22.25,114.18
taxid357207,Vietnam,16.17,107.83
taxid357208,Vietnam,16.17,107.83
taxid357209,Vietnam,16.17,107.83
taxid357210,Vietnam,16.17,107.83
taxid357211,Vietnam,16.17,107.83
taxid357212,Vietnam,16.17,107.83
taxid357213,Vietnam,16.17,107.83
taxid363744,Russia,60.00,100.00
taxid365068,China,35.00,105.00
taxid365069,China,35.00,105.00
taxid365070,China,35.00,105.00
taxid365071,China,35.00,105.00
taxid365072,China,35.00,105.00
taxid365073,China,35.00,105.00
taxid365074,China,35.00,105.00
taxid365075,China,35.00,105.00
taxid365076,China,35.00,105.00
taxid365077,China,35.00,105.00
taxid365078,China,35.00,105.00
taxid365079,China,35.00,105.00
taxid365080,China,35.00,105.00
taxid365081,China,35.00,105.00
taxid365082,China,35.00,105.00
taxid365083,China,35.00,105.00
taxid365084,China,35.00,105.00
taxid365085,China,35.00,105.00
taxid365086,China,35.00,105.00
taxid365087,China,35.00,105.00
taxid365088,China,35.00,105.00
taxid365089,China,35.00,105.00
taxid365090,China,35.00,105.00
taxid365091,China,35.00,105.00
taxid365092,China,35.00,105.00
taxid365093,China,35.00,105.00
taxid365094,China,35.00,105.00
taxid365095,China,35.00,105.00
taxid365096,China,35.00,105.00
taxid365097,China,35.00,105.00
taxid365098,China,35.00,105.00
taxid365099,China,35.00,105.00
taxid365100,China,35.00,105.00
taxid365101,China,35.00,105.00
taxid365102,China,35.00,105.00
taxid365103,China,35.00,105.00
taxid365104,China,35.00,105.00
taxid365105,China,35.00,105.00
taxid365106,China,35.00,105.00
taxid365107,China,35.00,105.00
taxid365108,China,35.00,105.00
taxid365109,China,35.00,105.00
taxid365110,China,35.00,105.00
taxid365111,China,35.00,105.00
taxid365112,China,35.00,105.00
taxid365113,China,35.00,105.00
taxid365114,China,35.00,105.00
taxid365115,China,35.00,105.00
taxid365116,HongKong,22.25,114.18
taxid365120,Malaysia,2.50,112.50
taxid365121,Vietnam,16.17,107.83
taxid365122,Indonesia,-5.00,120.00
taxid365123,Indonesia,-5.00,120.00
taxid365124,Indonesia,-5.00,120.00
taxid365125,Indonesia,-5.00,120.00
taxid365126,Indonesia,-5.00,120.00
taxid365127,Indonesia,-5.00,120.00
taxid365128,Malaysia,2.50,112.50
taxid365129,Vietnam,16.17,107.83
taxid365130,Vietnam,16.17,107.83
taxid365131,Vietnam,16.17,107.83
taxid365132,Vietnam,16.17,107.83
taxid365133,HongKong,22.25,114.18
taxid365134,HongKong,22.25,114.18
taxid365135,HongKong,22.25,114.18
taxid365495,Thailand,15.00,100.00
taxid365496,Thailand,15.00,100.00
taxid365497,Thailand,15.00,100.00
taxid367021,China,35.00,105.00
taxid367023,China,35.00,105.00
taxid367062,Russia,60.00,100.00
taxid367715,China,35.00,105.00
taxid367770,Thailand,15.00,100.00
taxid368859,Russia,60.00,100.00
taxid369437,Russia,60.00,100.00
taxid369438,Russia,60.00,100.00
taxid369763,Vietnam,16.17,107.83
taxid369764,Vietnam,16.17,107.83
taxid369765,Vietnam,16.17,107.83
taxid369766,China,35.00,105.00
taxid369773,China,35.00,105.00
taxid370810,China,35.00,105.00
taxid370811,China,35.00,105.00
taxid370812,China,35.00,105.00
taxid370832,Russia,60.00,100.00
taxid370847,Thailand,15.00,100.00
taxid370848,Russia,60.00,100.00
taxid372483,Russia,60.00,100.00
taxid373035,WestAfrica,10.00,8.00
taxid373132,Russia,60.00,100.00
taxid373513,SouthEurope,42.83,12.83
taxid374074,Russia,60.00,100.00
taxid374595,Russia,60.00,100.00
taxid374987,China,35.00,105.00
taxid374988,China,35.00,105.00
taxid374997,Iraq,33.00,44.00
taxid374998,Iraq,33.00,44.00
taxid374999,Iraq,33.00,44.00
taxid375457,Turkey,39.00,35.00
taxid375753,Iran,32.00,53.00
taxid376614,NorthAfrica,27.00,30.00
taxid376709,SouthEurope,42.83,12.83
taxid376721,Russia,60.00,100.00
taxid376722,Russia,60.00,100.00
taxid376899,Mongolia,46.00,105.00
taxid378045,WestEurope,46.00,2.00
taxid378547,WestEurope,46.00,2.00
taxid378550,NorthAfrica,27.00,30.00
taxid380792,Vietnam,16.17,107.83
taxid380793,Vietnam,16.17,107.83
taxid380794,Vietnam,16.17,107.83
taxid380795,Vietnam,16.17,107.83
taxid380796,Indonesia,-5.00,120.00
taxid380797,Indonesia,-5.00,120.00
taxid380798,Indonesia,-5.00,120.00
taxid380799,Indonesia,-5.00,120.00
taxid380800,Indonesia,-5.00,120.00
taxid380801,Indonesia,-5.00,120.00
taxid380802,Indonesia,-5.00,120.00
taxid380803,Indonesia,-5.00,120.00
taxid380805,Indonesia,-5.00,120.00
taxid380806,Indonesia,-5.00,120.00
taxid380807,Indonesia,-5.00,120.00
taxid380808,Indonesia,-5.00,120.00
taxid380809,Indonesia,-5.00,120.00
taxid380810,Indonesia,-5.00,120.00
taxid380811,Indonesia,-5.00,120.00
taxid380812,Indonesia,-5.00,120.00
taxid380813,Indonesia,-5.00,120.00
taxid380814,Indonesia,-5.00,120.00
taxid380815,Indonesia,-5.00,120.00
taxid380816,Indonesia,-5.00,120.00
taxid380817,Indonesia,-5.00,120.00
taxid380818,Indonesia,-5.00,120.00
taxid380819,Vietnam,16.17,107.83
taxid380820,Vietnam,16.17,107.83
taxid380821,Vietnam,16.17,107.83
taxid380822,Vietnam,16.17,107.83
taxid380823,Vietnam,16.17,107.83
taxid380824,Vietnam,16.17,107.83
taxid380825,Vietnam,16.17,107.83
taxid380826,Vietnam,16.17,107.83
taxid380827,Vietnam,16.17,107.83
taxid380828,Vietnam,16.17,107.83
taxid380829,Vietnam,16.17,107.83
taxid380830,Vietnam,16.17,107.83
taxid380831,Vietnam,16.17,107.83
taxid380832,Vietnam,16.17,107.83
taxid380833,Vietnam,16.17,107.83
taxid380834,Vietnam,16.17,107.83
taxid380835,Vietnam,16.17,107.83
taxid380836,Vietnam,16.17,107.83
taxid380837,Vietnam,16.17,107.83
taxid380838,Vietnam,16.17,107.83
taxid380839,Vietnam,16.17,107.83
taxid380840,Indonesia,-5.00,120.00
taxid380841,Vietnam,16.17,107.83
taxid380842,Vietnam,16.17,107.83
taxid380843,Vietnam,16.17,107.83
taxid380844,Vietnam,16.17,107.83
taxid380845,Vietnam,16.17,107.83
taxid380846,Vietnam,16.17,107.83
taxid380847,Vietnam,16.17,107.83
taxid380848,Vietnam,16.17,107.83
taxid380849,Vietnam,16.17,107.83
taxid380850,Vietnam,16.17,107.83
taxid380851,Vietnam,16.17,107.83
taxid380852,Vietnam,16.17,107.83
taxid380853,Vietnam,16.17,107.83
taxid380854,Vietnam,16.17,107.83
taxid380855,Vietnam,16.17,107.83
taxid380856,Vietnam,16.17,107.83
taxid380857,Vietnam,16.17,107.83
taxid380858,Vietnam,16.17,107.83
taxid380860,Vietnam,16.17,107.83
taxid380861,Vietnam,16.17,107.83
taxid380862,Vietnam,16.17,107.83
taxid380863,Vietnam,16.17,107.83
taxid380864,Vietnam,16.17,107.83
taxid380865,Vietnam,16.17,107.83
taxid380866,Indonesia,-5.00,120.00
taxid380867,Indonesia,-5.00,120.00
taxid380868,Vietnam,16.17,107.83
taxid380869,Vietnam,16.17,107.83
taxid380870,Indonesia,-5.00,120.00
taxid380871,Indonesia,-5.00,120.00
taxid380872,Vietnam,16.17,107.83
taxid381000,Indonesia,-5.00,120.00
taxid382642,China,35.00,105.00
taxid382643,China,35.00,105.00
taxid384064,Thailand,15.00,100.00
taxid384845,EastEurope,49,32
taxid385215,WestAfrica,10.00,8.00
taxid385216,WestAfrica,10.00,8.00
taxid385217,WestAfrica,10.00,8.00
taxid385218,WestAfrica,10.00,8.00
taxid385219,WestAfrica,10.00,8.00
taxid385220,WestAfrica,10.00,8.00
taxid385221,WestAfrica,10.00,8.00
taxid386438,WestEurope,46.00,2.00
taxid387904,WestAfrica,10.00,8.00
taxid388110,Afghanistan,33.00,65.00
taxid389218,Russia,60.00,100.00
taxid389220,Russia,60.00,100.00
taxid389221,Russia,60.00,100.00
taxid389222,Indonesia,-5.00,120.00
taxid389226,Indonesia,-5.00,120.00
taxid390720,China,35.00,105.00
taxid391617,WestEurope,46.00,2.00
taxid391628,Mongolia,46.00,105.00
taxid391954,Turkey,39.00,35.00
taxid391955,Turkey,39.00,35.00
taxid392001,China,35.00,105.00
taxid392002,China,35.00,105.00
taxid392003,China,35.00,105.00
taxid392751,China,35.00,105.00
taxid392752,Indonesia,-5.00,120.00
taxid392753,Indonesia,-5.00,120.00
taxid392754,Vietnam,16.17,107.83
taxid392755,Vietnam,16.17,107.83
taxid392756,Vietnam,16.17,107.83
taxid392757,Vietnam,16.17,107.83
taxid392758,Vietnam,16.17,107.83
taxid392759,Vietnam,16.17,107.83
taxid393058,China,35.00,105.00
taxid393170,WestAfrica,10.00,8.00
taxid393171,WestAfrica,10.00,8.00
taxid393174,SouthEurope,42.83,12.83
taxid393294,NorthAfrica,27.00,30.00
taxid393295,NorthAfrica,27.00,30.00
taxid393296,NorthAfrica,27.00,30.00
taxid393297,NorthAfrica,27.00,30.00
taxid393316,WestAfrica,10.00,8.00
taxid393616,Laos,18.00,105.00
taxid394194,Russia,60.00,100.00
taxid394195,Russia,60.00,100.00
taxid394327,Israel,31.50,34.75
taxid394329,Israel,31.50,34.75
taxid395335,NorthAfrica,27.00,30.00
taxid395336,NorthAfrica,27.00,30.00
taxid395337,NorthAfrica,27.00,30.00
taxid395338,NorthAfrica,27.00,30.00
taxid395339,NorthAfrica,27.00,30.00
taxid396336,Russia,60.00,100.00
taxid396337,Russia,60.00,100.00
taxid396338,Russia,60.00,100.00
taxid396339,Russia,60.00,100.00
taxid396340,Russia,60.00,100.00
taxid396341,Turkey,39.00,35.00
taxid396342,Russia,60.00,100.00
taxid397458,Russia,60.00,100.00
taxid398317,Thailand,15.00,100.00
taxid398325,Thailand,15.00,100.00
taxid398328,Thailand,15.00,100.00
taxid398581,China,35.00,105.00
taxid399312,Russia,60.00,100.00
taxid399313,Russia,60.00,100.00
taxid399785,China,35.00,105.00
taxid399786,China,35.00,105.00
taxid400253,WestAfrica,10.00,8.00
taxid400254,WestAfrica,10.00,8.00
taxid400256,SouthEurope,42.83,12.83
taxid400257,WestAfrica,10.00,8.00
taxid400258,WestAfrica,10.00,8.00
taxid400259,NorthAfrica,27.00,30.00
taxid400260,NorthAfrica,27.00,30.00
taxid400261,EastEurope,49,32
taxid400262,EastEurope,49,32
taxid400263,Vietnam,16.17,107.83
taxid400264,Vietnam,16.17,107.83
taxid400265,Vietnam,16.17,107.83
taxid400266,Vietnam,16.17,107.83
taxid400267,Vietnam,16.17,107.83
taxid400268,Vietnam,16.17,107.83
taxid400269,Vietnam,16.17,107.83
taxid400270,Vietnam,16.17,107.83
taxid400271,Vietnam,16.17,107.83
taxid400273,Vietnam,16.17,107.83
taxid400274,Vietnam,16.17,107.83
taxid400275,Vietnam,16.17,107.83
taxid400276,Vietnam,16.17,107.83
taxid400283,WestAfrica,10.00,8.00
taxid400284,WestAfrica,10.00,8.00
taxid400285,WestAfrica,10.00,8.00
taxid400286,WestAfrica,10.00,8.00
taxid400287,WestAfrica,10.00,8.00
taxid400288,WestAfrica,10.00,8.00
taxid400788,Indonesia,-5.00,120.00
taxid400789,Indonesia,-5.00,120.00
taxid400790,Indonesia,-5.00,120.00
taxid400791,Indonesia,-5.00,120.00
taxid400792,Indonesia,-5.00,120.00
taxid400793,Indonesia,-5.00,120.00
taxid400794,Indonesia,-5.00,120.00
taxid400795,Indonesia,-5.00,120.00
taxid400796,Indonesia,-5.00,120.00
taxid400797,Indonesia,-5.00,120.00
taxid400798,Indonesia,-5.00,120.00
taxid400799,Indonesia,-5.00,120.00
taxid400800,Indonesia,-5.00,120.00
taxid400801,Indonesia,-5.00,120.00
taxid400802,Indonesia,-5.00,120.00
taxid400803,Indonesia,-5.00,120.00
taxid400804,Indonesia,-5.00,120.00
taxid400805,Indonesia,-5.00,120.00
taxid400806,Indonesia,-5.00,120.00
taxid400807,Indonesia,-5.00,120.00
taxid400808,Indonesia,-5.00,120.00
taxid400809,Indonesia,-5.00,120.00
taxid400810,Indonesia,-5.00,120.00
taxid400811,Indonesia,-5.00,120.00
taxid400812,Indonesia,-5.00,120.00
taxid400813,Indonesia,-5.00,120.00
taxid400814,Indonesia,-5.00,120.00
taxid400815,Indonesia,-5.00,120.00
taxid400816,Indonesia,-5.00,120.00
taxid400817,Indonesia,-5.00,120.00
taxid400818,Indonesia,-5.00,120.00
taxid400819,Indonesia,-5.00,120.00
taxid400820,Indonesia,-5.00,120.00
taxid400821,Indonesia,-5.00,120.00
taxid400822,Indonesia,-5.00,120.00
taxid400823,Indonesia,-5.00,120.00
taxid400824,Indonesia,-5.00,120.00
taxid400825,Indonesia,-5.00,120.00
taxid400826,Indonesia,-5.00,120.00
taxid400827,Indonesia,-5.00,120.00
taxid400828,Indonesia,-5.00,120.00
taxid400829,Indonesia,-5.00,120.00
taxid400830,Indonesia,-5.00,120.00
taxid400831,Indonesia,-5.00,120.00
taxid400832,Indonesia,-5.00,120.00
taxid400833,Indonesia,-5.00,120.00
taxid400834,Indonesia,-5.00,120.00
taxid401565,Indonesia,-5.00,120.00
taxid401566,Indonesia,-5.00,120.00
taxid401567,Indonesia,-5.00,120.00
taxid402527,NorthEurope,62,15
taxid404142,China,35.00,105.00
taxid404146,China,35.00,105.00
taxid404147,China,35.00,105.00
taxid404148,China,35.00,105.00
taxid404149,China,35.00,105.00
taxid404151,China,35.00,105.00
taxid404155,China,35.00,105.00
taxid404156,China,35.00,105.00
taxid404159,China,35.00,105.00
taxid404160,China,35.00,105.00
taxid404162,China,35.00,105.00
taxid404164,China,35.00,105.00
taxid404166,China,35.00,105.00
taxid404169,China,35.00,105.00
taxid404170,China,35.00,105.00
taxid404171,China,35.00,105.00
taxid404172,China,35.00,105.00
taxid404173,China,35.00,105.00
taxid404174,China,35.00,105.00
taxid404177,China,35.00,105.00
taxid404178,China,35.00,105.00
taxid404179,China,35.00,105.00
taxid404182,China,35.00,105.00
taxid404183,China,35.00,105.00
taxid404184,China,35.00,105.00
taxid404185,China,35.00,105.00
taxid404186,China,35.00,105.00
taxid404187,China,35.00,105.00
taxid404188,China,35.00,105.00
taxid404189,China,35.00,105.00
taxid404190,China,35.00,105.00
taxid404191,China,35.00,105.00
taxid404408,China,35.00,105.00
taxid404906,WestEurope,46.00,2.00
taxid404907,WestEurope,46.00,2.00
taxid404908,WestEurope,46.00,2.00
taxid404909,WestEurope,46.00,2.00
taxid404910,WestEurope,46.00,2.00
taxid404911,WestEurope,46.00,2.00
taxid404912,WestEurope,46.00,2.00
taxid404913,WestEurope,46.00,2.00
taxid404914,WestEurope,46.00,2.00
taxid404915,WestEurope,46.00,2.00
taxid404916,WestEurope,46.00,2.00
taxid404917,WestEurope,46.00,2.00
taxid404918,WestEurope,46.00,2.00
taxid404919,WestEurope,46.00,2.00
taxid404920,WestEurope,46.00,2.00
taxid404921,WestEurope,46.00,2.00
taxid404922,WestEurope,46.00,2.00
taxid404923,WestEurope,46.00,2.00
taxid404924,WestEurope,46.00,2.00
taxid404925,WestEurope,46.00,2.00
taxid404926,WestEurope,46.00,2.00
taxid404927,WestEurope,46.00,2.00
taxid404928,WestEurope,46.00,2.00
taxid406790,WestAfrica,10.00,8.00
taxid406791,WestAfrica,10.00,8.00
taxid406792,WestAfrica,10.00,8.00
taxid406793,WestAfrica,10.00,8.00
taxid406794,WestAfrica,10.00,8.00
taxid406795,WestAfrica,10.00,8.00
taxid406796,WestAfrica,10.00,8.00
taxid406797,WestAfrica,10.00,8.00
taxid406798,WestAfrica,10.00,8.00
taxid406799,WestAfrica,10.00,8.00
taxid407205,WestEurope,46.00,2.00
taxid407369,NorthAfrica,27.00,30.00
taxid407394,China,35.00,105.00
taxid407395,HongKong,22.25,114.18
taxid407396,China,35.00,105.00
taxid407397,China,35.00,105.00
taxid407398,China,35.00,105.00
taxid407399,China,35.00,105.00
taxid407400,China,35.00,105.00
taxid407401,China,35.00,105.00
taxid407403,China,35.00,105.00
taxid407405,China,35.00,105.00
taxid407406,China,35.00,105.00
taxid407407,China,35.00,105.00
taxid407408,China,35.00,105.00
taxid407409,China,35.00,105.00
taxid407410,China,35.00,105.00
taxid407411,China,35.00,105.00
taxid407412,China,35.00,105.00
taxid407415,China,35.00,105.00
taxid407418,China,35.00,105.00
taxid407420,China,35.00,105.00
taxid407424,China,35.00,105.00
taxid407425,China,35.00,105.00
taxid407430,China,35.00,105.00
taxid407431,China,35.00,105.00
taxid407433,China,35.00,105.00
taxid407434,China,35.00,105.00
taxid407435,China,35.00,105.00
taxid407436,HongKong,22.25,114.18
taxid407437,HongKong,22.25,114.18
taxid407440,China,35.00,105.00
taxid407441,China,35.00,105.00
taxid407442,China,35.00,105.00
taxid407444,HongKong,22.25,114.18
taxid407445,HongKong,22.25,114.18
taxid407446,HongKong,22.25,114.18
taxid407447,HongKong,22.25,114.18
taxid407448,HongKong,22.25,114.18
taxid407452,China,35.00,105.00
taxid407453,China,35.00,105.00
taxid407455,China,35.00,105.00
taxid407456,China,35.00,105.00
taxid407466,China,35.00,105.00
taxid407467,China,35.00,105.00
taxid407468,China,35.00,105.00
taxid407469,China,35.00,105.00
taxid407471,China,35.00,105.00
taxid407475,China,35.00,105.00
taxid407478,China,35.00,105.00
taxid407479,China,35.00,105.00
taxid407480,China,35.00,105.00
taxid407481,China,35.00,105.00
taxid407487,China,35.00,105.00
taxid407489,China,35.00,105.00
taxid407490,China,35.00,105.00
taxid407491,China,35.00,105.00
taxid407492,China,35.00,105.00
taxid407494,China,35.00,105.00
taxid407496,China,35.00,105.00
taxid407499,China,35.00,105.00
taxid407500,China,35.00,105.00
taxid407503,China,35.00,105.00
taxid407504,China,35.00,105.00
taxid407506,China,35.00,105.00
taxid407508,China,35.00,105.00
taxid407512,China,35.00,105.00
taxid407515,China,35.00,105.00
taxid407518,China,35.00,105.00
taxid407521,China,35.00,105.00
taxid407523,China,35.00,105.00
taxid407525,China,35.00,105.00
taxid407528,China,35.00,105.00
taxid407530,China,35.00,105.00
taxid407531,China,35.00,105.00
taxid407532,China,35.00,105.00
taxid407533,China,35.00,105.00
taxid407536,China,35.00,105.00
taxid407540,China,35.00,105.00
taxid407555,China,35.00,105.00
taxid407564,China,35.00,105.00
taxid407566,China,35.00,105.00
taxid407573,China,35.00,105.00
taxid407582,China,35.00,105.00
taxid407586,China,35.00,105.00
taxid407587,China,35.00,105.00
taxid407605,China,35.00,105.00
taxid407607,China,35.00,105.00
taxid407613,China,35.00,105.00
taxid407617,China,35.00,105.00
taxid407622,China,35.00,105.00
taxid407625,China,35.00,105.00
taxid407627,China,35.00,105.00
taxid407628,China,35.00,105.00
taxid407642,China,35.00,105.00
taxid407645,China,35.00,105.00
taxid407647,China,35.00,105.00
taxid407648,China,35.00,105.00
taxid407649,China,35.00,105.00
taxid407656,China,35.00,105.00
taxid407661,China,35.00,105.00
taxid407663,China,35.00,105.00
taxid407664,China,35.00,105.00
taxid407665,China,35.00,105.00
taxid407667,China,35.00,105.00
taxid407669,China,35.00,105.00
taxid407671,China,35.00,105.00
taxid407672,China,35.00,105.00
taxid407673,China,35.00,105.00
taxid407675,China,35.00,105.00
taxid407677,China,35.00,105.00
taxid407681,China,35.00,105.00
taxid407682,China,35.00,105.00
taxid407684,China,35.00,105.00
taxid407686,China,35.00,105.00
taxid407688,China,35.00,105.00
taxid407689,China,35.00,105.00
taxid407713,China,35.00,105.00
taxid407715,China,35.00,105.00
taxid407734,China,35.00,105.00
taxid407736,China,35.00,105.00
taxid407738,China,35.00,105.00
taxid407739,China,35.00,105.00
taxid407741,China,35.00,105.00
taxid407744,China,35.00,105.00
taxid407745,China,35.00,105.00
taxid407746,China,35.00,105.00
taxid407748,China,35.00,105.00
taxid407750,China,35.00,105.00
taxid407768,China,35.00,105.00
taxid407773,China,35.00,105.00
taxid407774,China,35.00,105.00
taxid407775,China,35.00,105.00
taxid407778,China,35.00,105.00
taxid407788,China,35.00,105.00
taxid407789,China,35.00,105.00
taxid407790,China,35.00,105.00
taxid407791,China,35.00,105.00
taxid407793,HongKong,22.25,114.18
taxid407794,HongKong,22.25,114.18
taxid407795,HongKong,22.25,114.18
taxid407796,HongKong,22.25,114.18
taxid407797,HongKong,22.25,114.18
taxid407798,China,35.00,105.00
taxid407799,HongKong,22.25,114.18
taxid407800,HongKong,22.25,114.18
taxid407801,HongKong,22.25,114.18
taxid408165,Thailand,15.00,100.00
taxid408166,Thailand,15.00,100.00
taxid408167,Thailand,15.00,100.00
taxid408205,India,20.00,77.00
taxid408206,India,20.00,77.00
taxid409924,NorthAfrica,27.00,30.00
taxid409925,NorthAfrica,27.00,30.00
taxid409926,NorthAfrica,27.00,30.00
taxid409927,NorthAfrica,27.00,30.00
taxid409928,NorthAfrica,27.00,30.00
taxid409929,NorthAfrica,27.00,30.00
taxid409930,NorthAfrica,27.00,30.00
taxid409931,NorthAfrica,27.00,30.00
taxid409942,NorthAfrica,27.00,30.00
taxid409944,NorthAfrica,27.00,30.00
taxid413711,Mongolia,46.00,105.00
taxid413883,Vietnam,16.17,107.83
taxid414044,Thailand,15.00,100.00
taxid414668,Indonesia,-5.00,120.00
taxid414669,Indonesia,-5.00,120.00
taxid414670,Indonesia,-5.00,120.00
taxid415313,Indonesia,-5.00,120.00
taxid415314,Indonesia,-5.00,120.00
taxid415315,Indonesia,-5.00,120.00
taxid415316,Indonesia,-5.00,120.00
taxid415684,WestEurope,46.00,2.00
taxid415685,WestEurope,46.00,2.00
taxid415686,WestEurope,46.00,2.00
taxid415687,WestEurope,46.00,2.00
taxid415688,WestEurope,46.00,2.00
taxid415689,WestEurope,46.00,2.00
taxid415690,WestEurope,46.00,2.00
taxid415691,WestEurope,46.00,2.00
taxid415692,WestEurope,46.00,2.00
taxid415693,WestEurope,46.00,2.00
taxid415694,WestEurope,46.00,2.00
taxid415695,WestEurope,46.00,2.00
taxid415696,WestEurope,46.00,2.00
taxid415697,WestEurope,46.00,2.00
taxid415698,WestEurope,46.00,2.00
taxid415699,WestEurope,46.00,2.00
taxid415700,WestEurope,46.00,2.00
taxid415701,WestEurope,46.00,2.00
taxid415702,WestEurope,46.00,2.00
taxid415937,Thailand,15.00,100.00
taxid415938,Thailand,15.00,100.00
taxid415939,Thailand,15.00,100.00
taxid415940,Thailand,15.00,100.00
taxid415941,Thailand,15.00,100.00
taxid415942,Thailand,15.00,100.00
taxid415963,WestEurope,46.00,2.00
taxid416367,Vietnam,16.17,107.83
taxid418868,NorthAfrica,27.00,30.00
taxid418869,NorthAfrica,27.00,30.00
taxid421466,Indonesia,-5.00,120.00
taxid421467,Indonesia,-5.00,120.00
taxid421468,Indonesia,-5.00,120.00
taxid421469,Indonesia,-5.00,120.00
taxid421471,Indonesia,-5.00,120.00
taxid421472,Indonesia,-5.00,120.00
taxid421473,Indonesia,-5.00,120.00
taxid421474,Indonesia,-5.00,120.00
taxid421475,Indonesia,-5.00,120.00
taxid421476,Indonesia,-5.00,120.00
taxid421477,Indonesia,-5.00,120.00
taxid421901,NorthAfrica,27.00,30.00
taxid425624,WestEurope,46.00,2.00
taxid426013,WestEurope,46.00,2.00
taxid426014,WestEurope,46.00,2.00
taxid426642,NorthAfrica,27.00,30.00
taxid426643,NorthAfrica,27.00,30.00
taxid426644,NorthAfrica,27.00,30.00
taxid426645,NorthAfrica,27.00,30.00
taxid426646,NorthAfrica,27.00,30.00
taxid426647,NorthAfrica,27.00,30.00
taxid426783,Thailand,15.00,100.00
taxid426784,Thailand,15.00,100.00
taxid427425,EastEurope,49,32
taxid427426,EastEurope,49,32
taxid427773,Thailand,15.00,100.00
taxid427888,Cambodia,13,105
taxid427889,Vietnam,16.17,107.83
taxid427890,Vietnam,16.17,107.83
taxid427891,Vietnam,16.17,107.83
taxid427892,Vietnam,16.17,107.83
taxid427893,Vietnam,16.17,107.83
taxid428662,Vietnam,16.17,107.83
taxid428667,Thailand,15.00,100.00
taxid428668,Vietnam,16.17,107.83
taxid428669,Thailand,15.00,100.00
taxid430058,NorthEurope,62,15
taxid430432,Indonesia,-5.00,120.00
taxid430433,Indonesia,-5.00,120.00
taxid430434,Cambodia,13,105
taxid430436,Cambodia,13,105
taxid430438,Cambodia,13,105
taxid430439,Cambodia,13,105
taxid430440,Cambodia,13,105
taxid430490,Russia,60.00,100.00
taxid430595,NorthAfrica,27.00,30.00
taxid430596,NorthAfrica,27.00,30.00
taxid430597,NorthAfrica,27.00,30.00
taxid430598,NorthAfrica,27.00,30.00
taxid430599,NorthAfrica,27.00,30.00
taxid430600,NorthAfrica,27.00,30.00
taxid430601,NorthAfrica,27.00,30.00
taxid430602,NorthAfrica,27.00,30.00
taxid430603,NorthAfrica,27.00,30.00
taxid430604,NorthAfrica,27.00,30.00
taxid430605,NorthAfrica,27.00,30.00
taxid430655,WestEurope,46.00,2.00
taxid430656,WestEurope,46.00,2.00
taxid430657,WestEurope,46.00,2.00
taxid430658,WestEurope,46.00,2.00
taxid430661,WestEurope,46.00,2.00
taxid430663,WestEurope,46.00,2.00
taxid430724,Thailand,15.00,100.00
taxid430725,Thailand,15.00,100.00
taxid430726,Thailand,15.00,100.00
taxid430728,Thailand,15.00,100.00
taxid430730,Thailand,15.00,100.00
taxid430731,Thailand,15.00,100.00
taxid430732,Thailand,15.00,100.00
taxid430733,Thailand,15.00,100.00
taxid430734,Thailand,15.00,100.00
taxid430735,Thailand,15.00,100.00
taxid430736,Thailand,15.00,100.00
taxid430737,Thailand,15.00,100.00
taxid430738,Thailand,15.00,100.00
taxid430739,Thailand,15.00,100.00
taxid430740,Thailand,15.00,100.00
taxid430741,Thailand,15.00,100.00
taxid430742,Thailand,15.00,100.00
taxid430743,Thailand,15.00,100.00
taxid430744,Thailand,15.00,100.00
taxid430745,Thailand,15.00,100.00
taxid430746,Thailand,15.00,100.00
taxid430747,Thailand,15.00,100.00
taxid431158,China,35.00,105.00
taxid431919,WestAfrica,10.00,8.00
taxid431920,WestAfrica,10.00,8.00
taxid431921,Afghanistan,33.00,65.00
taxid431922,NorthAfrica,27.00,30.00
taxid431923,Afghanistan,33.00,65.00
taxid431924,NorthAfrica,27.00,30.00
taxid431925,WestAfrica,10.00,8.00
taxid431926,Afghanistan,33.00,65.00
taxid431927,Afghanistan,33.00,65.00
taxid431994,WestAfrica,10.00,8.00
taxid431995,WestAfrica,10.00,8.00
taxid431996,WestAfrica,10.00,8.00
taxid431997,WestAfrica,10.00,8.00
taxid431998,WestAfrica,10.00,8.00
taxid431999,WestAfrica,10.00,8.00
taxid432000,WestAfrica,10.00,8.00
taxid432001,WestAfrica,10.00,8.00
taxid432070,HongKong,22.25,114.18
taxid432071,Thailand,15.00,100.00
taxid432072,Thailand,15.00,100.00
taxid432073,SouthKorea,37,127.5
taxid432074,Laos,18.00,105.00
taxid432075,Vietnam,16.17,107.83
taxid432076,Vietnam,16.17,107.83
taxid432077,Vietnam,16.17,107.83
taxid432078,Vietnam,16.17,107.83
taxid432087,Thailand,15.00,100.00
taxid432360,Laos,18.00,105.00
taxid432361,Laos,18.00,105.00
taxid432362,Vietnam,16.17,107.83
taxid432364,Vietnam,16.17,107.83
taxid433435,NorthAfrica,27.00,30.00
taxid434192,Russia,60.00,100.00
taxid434193,Russia,60.00,100.00
taxid434194,Russia,60.00,100.00
taxid434195,Russia,60.00,100.00
taxid434196,Russia,60.00,100.00
taxid434197,Russia,60.00,100.00
taxid434198,Russia,60.00,100.00
taxid434334,WestAfrica,10.00,8.00
taxid434913,Thailand,15.00,100.00
taxid434914,Thailand,15.00,100.00
taxid434915,Thailand,15.00,100.00
taxid434916,Thailand,15.00,100.00
taxid434917,Thailand,15.00,100.00
taxid435894,Vietnam,16.17,107.83
taxid438150,Vietnam,16.17,107.83
taxid438151,Vietnam,16.17,107.83
taxid438152,Vietnam,16.17,107.83
taxid438170,Vietnam,16.17,107.83
taxid438171,Vietnam,16.17,107.83
taxid438173,Vietnam,16.17,107.83
taxid438174,Vietnam,16.17,107.83
taxid438175,Vietnam,16.17,107.83
taxid438176,Vietnam,16.17,107.83
taxid438177,Vietnam,16.17,107.83
taxid438215,Vietnam,16.17,107.83
taxid438516,Canada,60,-96
taxid438882,NorthAfrica,27.00,30.00
taxid438883,NorthAfrica,27.00,30.00
taxid438884,NorthAfrica,27.00,30.00
taxid438885,NorthAfrica,27.00,30.00
taxid438886,NorthAfrica,27.00,30.00
taxid438887,NorthAfrica,27.00,30.00
taxid438888,NorthAfrica,27.00,30.00
taxid438889,NorthAfrica,27.00,30.00
taxid438890,NorthAfrica,27.00,30.00
taxid438891,NorthAfrica,27.00,30.00
taxid439576,Israel,31.50,34.75
taxid439577,Israel,31.50,34.75
taxid439578,Israel,31.50,34.75
taxid439579,Israel,31.50,34.75
taxid439580,Israel,31.50,34.75
taxid439581,Israel,31.50,34.75
taxid439582,Israel,31.50,34.75
taxid439583,Israel,31.50,34.75
taxid439584,Israel,31.50,34.75
taxid439856,Thailand,15.00,100.00
taxid439857,Thailand,15.00,100.00
taxid439858,Thailand,15.00,100.00
taxid439859,Thailand,15.00,100.00
taxid439860,Thailand,15.00,100.00
taxid439949,Thailand,15.00,100.00
taxid439950,Thailand,15.00,100.00
taxid439951,Thailand,15.00,100.00
taxid439953,Thailand,15.00,100.00
taxid439954,Thailand,15.00,100.00
taxid439955,Thailand,15.00,100.00
taxid439956,Thailand,15.00,100.00
taxid439958,Thailand,15.00,100.00
taxid439959,Thailand,15.00,100.00
taxid439961,Thailand,15.00,100.00
taxid439962,Thailand,15.00,100.00
taxid439963,Thailand,15.00,100.00
taxid440388,Turkey,39.00,35.00
taxid440389,Turkey,39.00,35.00
taxid440390,Turkey,39.00,35.00
taxid440391,Turkey,39.00,35.00
taxid441895,India,20.00,77.00
taxid441896,India,20.00,77.00
taxid442298,WestEurope,46.00,2.00
taxid442942,Thailand,15.00,100.00
taxid442966,Russia,60.00,100.00
taxid444321,China,35.00,105.00
taxid444322,China,35.00,105.00
taxid445027,China,35.00,105.00
taxid446817,WestAfrica,10.00,8.00
taxid446818,WestAfrica,10.00,8.00
taxid446819,WestAfrica,10.00,8.00
taxid447616,China,35.00,105.00
taxid452107,NorthEurope,62,15
taxid452108,NorthEurope,62,15
taxid452109,NorthEurope,62,15
taxid452110,NorthEurope,62,15
taxid452111,NorthEurope,62,15
taxid452112,NorthEurope,62,15
taxid452113,NorthEurope,62,15
taxid452114,NorthEurope,62,15
taxid452115,NorthEurope,62,15
taxid452116,NorthEurope,62,15
taxid452910,Thailand,15.00,100.00
taxid452911,Thailand,15.00,100.00
taxid454137,WestEurope,46.00,2.00
taxid454138,WestEurope,46.00,2.00
taxid455644,WestEurope,46.00,2.00
taxid455818,WestEurope,46.00,2.00
taxid455819,WestEurope,46.00,2.00
taxid455820,WestEurope,46.00,2.00
taxid455821,WestEurope,46.00,2.00
taxid455822,WestEurope,46.00,2.00
taxid455823,WestEurope,46.00,2.00
taxid455824,WestEurope,46.00,2.00
taxid455825,WestEurope,46.00,2.00
taxid455826,WestEurope,46.00,2.00
taxid455827,WestEurope,46.00,2.00
taxid461350,NorthAfrica,27.00,30.00
taxid461351,NorthAfrica,27.00,30.00
taxid461352,NorthAfrica,27.00,30.00
taxid461353,NorthAfrica,27.00,30.00
taxid461354,NorthAfrica,27.00,30.00
taxid461355,NorthAfrica,27.00,30.00
taxid461356,NorthAfrica,27.00,30.00
taxid461357,NorthAfrica,27.00,30.00
taxid461358,NorthAfrica,27.00,30.00
taxid461359,NorthAfrica,27.00,30.00
taxid461360,NorthAfrica,27.00,30.00
taxid461837,USA,38,-98
taxid462711,Vietnam,16.17,107.83
taxid462712,Vietnam,16.17,107.83
taxid462713,Vietnam,16.17,107.83
taxid462714,Vietnam,16.17,107.83
taxid462715,Vietnam,16.17,107.83
taxid462716,Vietnam,16.17,107.83
taxid462717,Vietnam,16.17,107.83
taxid462718,Vietnam,16.17,107.83
taxid462719,Vietnam,16.17,107.83
taxid464314,China,35.00,105.00
taxid464315,China,35.00,105.00
taxid464401,Vietnam,16.17,107.83
taxid464442,Indonesia,-5.00,120.00
taxid464443,Indonesia,-5.00,120.00
taxid464445,Azerbaijan,40.5,47.5
taxid464446,Azerbaijan,40.5,47.5
taxid464447,Azerbaijan,40.5,47.5
taxid464448,Azerbaijan,40.5,47.5
taxid464449,Azerbaijan,40.5,47.5
taxid464450,NorthAfrica,27.00,30.00
taxid464451,NorthAfrica,27.00,30.00
taxid464452,Iraq,33.00,44.00
taxid464453,Iraq,33.00,44.00
taxid464454,Iraq,33.00,44.00
taxid464455,Iraq,33.00,44.00
taxid464456,Iraq,33.00,44.00
taxid464457,WestAfrica,10.00,8.00
taxid464458,NorthAfrica,27.00,30.00
taxid464459,NorthAfrica,27.00,30.00
taxid464460,NorthAfrica,27.00,30.00
taxid464500,Indonesia,-5.00,120.00
taxid464501,Indonesia,-5.00,120.00
taxid464504,Indonesia,-5.00,120.00
taxid464505,Indonesia,-5.00,120.00
taxid464506,Indonesia,-5.00,120.00
taxid464508,Indonesia,-5.00,120.00
taxid464509,Indonesia,-5.00,120.00
taxid464510,Indonesia,-5.00,120.00
taxid464511,Indonesia,-5.00,120.00
taxid464512,Indonesia,-5.00,120.00
taxid464513,Indonesia,-5.00,120.00
taxid464514,Indonesia,-5.00,120.00
taxid464515,Indonesia,-5.00,120.00
taxid464516,Indonesia,-5.00,120.00
taxid464517,Indonesia,-5.00,120.00
taxid464518,Indonesia,-5.00,120.00
taxid464519,Indonesia,-5.00,120.00
taxid464520,Indonesia,-5.00,120.00
taxid464521,Indonesia,-5.00,120.00
taxid464522,Indonesia,-5.00,120.00
taxid464523,Indonesia,-5.00,120.00
taxid464524,Indonesia,-5.00,120.00
taxid464525,Indonesia,-5.00,120.00
taxid464526,Indonesia,-5.00,120.00
taxid464527,Indonesia,-5.00,120.00
taxid464528,Indonesia,-5.00,120.00
taxid464529,Indonesia,-5.00,120.00
taxid464530,Indonesia,-5.00,120.00
taxid464532,Indonesia,-5.00,120.00
taxid464533,Indonesia,-5.00,120.00
taxid464536,Laos,18.00,105.00
taxid464537,Laos,18.00,105.00
taxid464538,Laos,18.00,105.00
taxid464539,Laos,18.00,105.00
taxid464540,Indonesia,-5.00,120.00
taxid464543,Indonesia,-5.00,120.00
taxid464544,Indonesia,-5.00,120.00
taxid464545,Indonesia,-5.00,120.00
taxid464546,Indonesia,-5.00,120.00
taxid464548,Indonesia,-5.00,120.00
taxid464550,Indonesia,-5.00,120.00
taxid464552,Indonesia,-5.00,120.00
taxid464554,Indonesia,-5.00,120.00
taxid464555,Indonesia,-5.00,120.00
taxid464556,Indonesia,-5.00,120.00
taxid464559,Indonesia,-5.00,120.00
taxid464560,Indonesia,-5.00,120.00
taxid464561,Indonesia,-5.00,120.00
taxid464563,Indonesia,-5.00,120.00
taxid464565,Indonesia,-5.00,120.00
taxid464567,Indonesia,-5.00,120.00
taxid464569,Indonesia,-5.00,120.00
taxid464571,Vietnam,16.17,107.83
taxid464572,Vietnam,16.17,107.83
taxid464573,Indonesia,-5.00,120.00
taxid464575,Indonesia,-5.00,120.00
taxid464576,Indonesia,-5.00,120.00
taxid464577,Indonesia,-5.00,120.00
taxid464578,Indonesia,-5.00,120.00
taxid464579,Indonesia,-5.00,120.00
taxid464580,Indonesia,-5.00,120.00
taxid464581,Indonesia,-5.00,120.00
taxid464582,Indonesia,-5.00,120.00
taxid464583,Indonesia,-5.00,120.00
taxid464584,Indonesia,-5.00,120.00
taxid464589,Indonesia,-5.00,120.00
taxid464592,Indonesia,-5.00,120.00
taxid464594,Indonesia,-5.00,120.00
taxid464596,Indonesia,-5.00,120.00
taxid464597,Indonesia,-5.00,120.00
taxid464598,Vietnam,16.17,107.83
taxid464599,Vietnam,16.17,107.83
taxid464600,Vietnam,16.17,107.83
taxid464601,Vietnam,16.17,107.83
taxid464602,Vietnam,16.17,107.83
taxid464603,Vietnam,16.17,107.83
taxid464604,Vietnam,16.17,107.83
taxid464605,Vietnam,16.17,107.83
taxid464606,Vietnam,16.17,107.83
taxid464607,Vietnam,16.17,107.83
taxid464612,Indonesia,-5.00,120.00
taxid464613,Indonesia,-5.00,120.00
taxid464614,Vietnam,16.17,107.83
taxid464618,Indonesia,-5.00,120.00
taxid464619,Indonesia,-5.00,120.00
taxid464621,Indonesia,-5.00,120.00
taxid464625,Indonesia,-5.00,120.00
taxid464630,Indonesia,-5.00,120.00
taxid464641,Indonesia,-5.00,120.00
taxid465916,USA,38,-98
taxid465921,USA,38,-98
taxid465959,USA,38,-98
taxid465973,USA,38,-98
taxid467100,WestAfrica,10.00,8.00
taxid467101,WestAfrica,10.00,8.00
taxid467102,WestAfrica,10.00,8.00
taxid467103,WestAfrica,10.00,8.00
taxid467104,WestAfrica,10.00,8.00
taxid467107,WestAfrica,10.00,8.00
taxid467108,WestAfrica,10.00,8.00
taxid467109,WestAfrica,10.00,8.00
taxid467110,WestAfrica,10.00,8.00
taxid467111,WestAfrica,10.00,8.00
taxid467112,WestAfrica,10.00,8.00
taxid467113,WestAfrica,10.00,8.00
taxid467114,WestAfrica,10.00,8.00
taxid467115,WestAfrica,10.00,8.00
taxid467116,WestAfrica,10.00,8.00
taxid467117,WestAfrica,10.00,8.00
taxid467118,WestAfrica,10.00,8.00
taxid467119,WestAfrica,10.00,8.00
taxid467120,WestAfrica,10.00,8.00
taxid467122,WestAfrica,10.00,8.00
taxid467123,WestAfrica,10.00,8.00
taxid468948,Indonesia,-5.00,120.00
taxid468949,Indonesia,-5.00,120.00
taxid468951,Indonesia,-5.00,120.00
taxid468952,Indonesia,-5.00,120.00
taxid468953,Indonesia,-5.00,120.00
taxid468954,Indonesia,-5.00,120.00
taxid468955,Indonesia,-5.00,120.00
taxid468956,Indonesia,-5.00,120.00
taxid468957,Indonesia,-5.00,120.00
taxid468958,Indonesia,-5.00,120.00
taxid468960,Indonesia,-5.00,120.00
taxid468961,Indonesia,-5.00,120.00
taxid468962,Indonesia,-5.00,120.00
taxid468964,Indonesia,-5.00,120.00
taxid468965,Indonesia,-5.00,120.00
taxid468966,Indonesia,-5.00,120.00
taxid468967,Indonesia,-5.00,120.00
taxid468968,Indonesia,-5.00,120.00
taxid468969,Indonesia,-5.00,120.00
taxid468970,Indonesia,-5.00,120.00
taxid468971,Indonesia,-5.00,120.00
taxid468972,Indonesia,-5.00,120.00
taxid468973,Indonesia,-5.00,120.00
taxid468974,Indonesia,-5.00,120.00
taxid470315,WestEurope,46.00,2.00
taxid470316,WestEurope,46.00,2.00
taxid471448,WestAfrica,10.00,8.00
taxid471449,WestAfrica,10.00,8.00
taxid471450,WestAfrica,10.00,8.00
taxid471451,WestAfrica,10.00,8.00
taxid471452,WestAfrica,10.00,8.00
taxid471453,WestAfrica,10.00,8.00
taxid471454,WestAfrica,10.00,8.00
taxid471455,WestAfrica,10.00,8.00
taxid471456,WestAfrica,10.00,8.00
taxid471457,WestAfrica,10.00,8.00
taxid471458,WestAfrica,10.00,8.00
taxid471459,WestAfrica,10.00,8.00
taxid472026,Russia,60.00,100.00
taxid472505,Indonesia,-5.00,120.00
taxid472506,Indonesia,-5.00,120.00
taxid472507,Indonesia,-5.00,120.00
taxid472508,Indonesia,-5.00,120.00
taxid472509,Indonesia,-5.00,120.00
taxid472510,Indonesia,-5.00,120.00
taxid472511,Indonesia,-5.00,120.00
taxid472512,Indonesia,-5.00,120.00
taxid472513,Indonesia,-5.00,120.00
taxid472514,Indonesia,-5.00,120.00
taxid472515,Indonesia,-5.00,120.00
taxid472516,Indonesia,-5.00,120.00
taxid476273,Indonesia,-5.00,120.00
taxid478046,NorthAfrica,27.00,30.00
taxid478047,NorthAfrica,27.00,30.00
taxid478048,NorthAfrica,27.00,30.00
taxid478049,NorthAfrica,27.00,30.00
taxid478050,NorthAfrica,27.00,30.00
taxid478051,NorthAfrica,27.00,30.00
taxid478052,NorthAfrica,27.00,30.00
taxid478053,NorthAfrica,27.00,30.00
taxid478054,NorthAfrica,27.00,30.00
taxid478055,NorthAfrica,27.00,30.00
taxid478056,NorthAfrica,27.00,30.00
taxid478057,NorthAfrica,27.00,30.00
taxid478517,Kazakhstan,48,68
taxid478989,Vietnam,16.17,107.83
taxid478990,Vietnam,16.17,107.83
taxid478992,Vietnam,16.17,107.83
taxid478993,Vietnam,16.17,107.83
taxid479007,Vietnam,16.17,107.83
taxid479008,Vietnam,16.17,107.83
taxid479012,Vietnam,16.17,107.83
taxid479018,Vietnam,16.17,107.83
taxid479022,SouthKorea,37,127.5
taxid479023,SouthKorea,37,127.5
taxid479024,SouthKorea,37,127.5
taxid479025,SouthKorea,37,127.5
taxid479026,SouthKorea,37,127.5
taxid479027,SouthKorea,37,127.5
taxid479028,SouthKorea,37,127.5
taxid479029,SouthKorea,37,127.5
taxid479030,SouthKorea,37,127.5
taxid480919,Thailand,15.00,100.00
taxid481608,Thailand,15.00,100.00
taxid482239,China,35.00,105.00
taxid482240,China,35.00,105.00
taxid482917,Russia,60.00,100.00
taxid483267,WestAfrica,10.00,8.00
taxid483268,WestAfrica,10.00,8.00
taxid484390,China,35.00,105.00
taxid486273,EastEurope,49,32
taxid487485,EastEurope,49,32
taxid487486,EastEurope,49,32
taxid487487,EastEurope,49,32
taxid488062,China,35.00,105.00
taxid488063,China,35.00,105.00
taxid488638,Vietnam,16.17,107.83
taxid488858,NorthEurope,62,15
taxid489823,India,20.00,77.00
taxid496016,USA,38,-98
taxid496018,Vietnam,16.17,107.83
taxid496019,Vietnam,16.17,107.83
taxid496020,Vietnam,16.17,107.83
taxid496021,Vietnam,16.17,107.83
taxid496022,Vietnam,16.17,107.83
taxid496023,Vietnam,16.17,107.83
taxid496024,Vietnam,16.17,107.83
taxid496025,Vietnam,16.17,107.83
taxid496026,Vietnam,16.17,107.83
taxid496027,Vietnam,16.17,107.83
taxid496028,Vietnam,16.17,107.83
taxid496029,Vietnam,16.17,107.83
taxid496030,Vietnam,16.17,107.83
taxid496031,Vietnam,16.17,107.83
taxid496032,Vietnam,16.17,107.83
taxid496033,Vietnam,16.17,107.83
taxid496034,Vietnam,16.17,107.83
taxid496035,Vietnam,16.17,107.83
taxid496036,Vietnam,16.17,107.83
taxid496037,Vietnam,16.17,107.83
taxid496038,Vietnam,16.17,107.83
taxid496039,Vietnam,16.17,107.83
taxid496040,Vietnam,16.17,107.83
taxid496041,Vietnam,16.17,107.83
taxid496042,Vietnam,16.17,107.83
taxid496043,Vietnam,16.17,107.83
taxid496044,Vietnam,16.17,107.83
taxid496045,Vietnam,16.17,107.83
taxid496046,Vietnam,16.17,107.83
taxid496047,Vietnam,16.17,107.83
taxid496048,Vietnam,16.17,107.83
taxid496049,Vietnam,16.17,107.83
taxid496050,Vietnam,16.17,107.83
taxid496526,NorthAfrica,27.00,30.00
taxid496527,NorthAfrica,27.00,30.00
taxid496528,NorthAfrica,27.00,30.00
taxid496529,NorthAfrica,27.00,30.00
taxid496530,NorthAfrica,27.00,30.00
taxid496531,NorthAfrica,27.00,30.00
taxid496532,NorthAfrica,27.00,30.00
taxid496533,NorthAfrica,27.00,30.00
taxid496534,NorthAfrica,27.00,30.00
taxid496535,NorthAfrica,27.00,30.00
taxid496536,NorthAfrica,27.00,30.00
taxid496537,NorthAfrica,27.00,30.00
taxid496538,NorthAfrica,27.00,30.00
taxid496539,NorthAfrica,27.00,30.00
taxid496540,NorthAfrica,27.00,30.00
taxid496541,NorthAfrica,27.00,30.00
taxid496542,NorthAfrica,27.00,30.00
taxid496543,NorthAfrica,27.00,30.00
taxid496544,NorthAfrica,27.00,30.00
taxid496545,NorthAfrica,27.00,30.00
taxid496546,NorthAfrica,27.00,30.00
taxid496547,NorthAfrica,27.00,30.00
taxid496548,NorthAfrica,27.00,30.00
taxid496549,NorthAfrica,27.00,30.00
taxid496550,NorthAfrica,27.00,30.00
taxid496551,NorthAfrica,27.00,30.00
taxid496733,China,35.00,105.00
taxid496734,China,35.00,105.00
taxid496735,China,35.00,105.00
taxid496736,China,35.00,105.00
taxid496737,China,35.00,105.00
taxid496738,China,35.00,105.00
taxid496739,China,35.00,105.00
taxid496740,China,35.00,105.00
taxid496741,China,35.00,105.00
taxid496742,China,35.00,105.00
taxid496743,China,35.00,105.00
taxid496744,China,35.00,105.00
taxid496745,China,35.00,105.00
taxid496746,China,35.00,105.00
taxid496747,China,35.00,105.00
taxid496748,China,35.00,105.00
taxid496749,China,35.00,105.00
taxid496750,China,35.00,105.00
taxid496751,China,35.00,105.00
taxid496752,China,35.00,105.00
taxid496753,China,35.00,105.00
taxid496754,China,35.00,105.00
taxid496755,China,35.00,105.00
taxid496756,China,35.00,105.00
taxid496757,China,35.00,105.00
taxid496758,China,35.00,105.00
taxid496759,China,35.00,105.00
taxid496760,China,35.00,105.00
taxid496761,China,35.00,105.00
taxid496762,China,35.00,105.00
taxid496763,China,35.00,105.00
taxid496764,China,35.00,105.00
taxid496765,China,35.00,105.00
taxid496766,China,35.00,105.00
taxid496767,China,35.00,105.00
taxid496768,China,35.00,105.00
taxid496769,China,35.00,105.00
taxid496770,China,35.00,105.00
taxid496771,China,35.00,105.00
taxid496772,China,35.00,105.00
taxid496773,China,35.00,105.00
taxid496774,China,35.00,105.00
taxid496775,China,35.00,105.00
taxid496776,China,35.00,105.00
taxid496777,China,35.00,105.00
taxid496778,China,35.00,105.00
taxid496779,China,35.00,105.00
taxid496780,China,35.00,105.00
taxid496781,China,35.00,105.00
taxid496782,China,35.00,105.00
taxid496783,China,35.00,105.00
taxid496784,China,35.00,105.00
taxid496785,China,35.00,105.00
taxid496786,China,35.00,105.00
taxid496787,China,35.00,105.00
taxid496788,China,35.00,105.00
taxid496789,China,35.00,105.00
taxid496790,China,35.00,105.00
taxid496791,China,35.00,105.00
taxid496792,China,35.00,105.00
taxid496793,China,35.00,105.00
taxid496794,China,35.00,105.00
taxid496795,China,35.00,105.00
taxid496796,China,35.00,105.00
taxid496797,China,35.00,105.00
taxid496798,China,35.00,105.00
taxid496799,China,35.00,105.00
taxid496800,China,35.00,105.00
taxid496801,China,35.00,105.00
taxid496802,China,35.00,105.00
taxid496803,China,35.00,105.00
taxid496804,China,35.00,105.00
taxid497137,Russia,60.00,100.00
taxid497505,NorthAfrica,27.00,30.00
taxid497506,NorthAfrica,27.00,30.00
taxid497507,NorthAfrica,27.00,30.00
taxid497508,NorthAfrica,27.00,30.00
taxid497509,NorthAfrica,27.00,30.00
taxid497811,NorthAfrica,27.00,30.00
taxid497812,NorthAfrica,27.00,30.00
taxid497813,WestAfrica,10.00,8.00
taxid497814,WestAfrica,10.00,8.00
taxid497815,NorthAfrica,27.00,30.00
taxid498206,Kuwait,29.5,47.75
taxid499088,Malaysia,2.50,112.50
taxid499543,Pakistan,30.00,70.00
taxid499544,Pakistan,30.00,70.00
taxid499545,Pakistan,30.00,70.00
taxid500313,Russia,60.00,100.00
taxid501225,Russia,60.00,100.00
taxid501226,Russia,60.00,100.00
taxid502078,WestAfrica,10.00,8.00
taxid502079,SaudiArabia,25,45
taxid502080,SaudiArabia,25,45
taxid502255,China,35.00,105.00
taxid502256,China,35.00,105.00
taxid503649,Russia,60.00,100.00
taxid504445,Kuwait,29.5,47.75
taxid504446,Kuwait,29.5,47.75
taxid504447,Kuwait,29.5,47.75
taxid504448,Kuwait,29.5,47.75
taxid504449,Kuwait,29.5,47.75
taxid504450,Kuwait,29.5,47.75
taxid504451,Kuwait,29.5,47.75
taxid504694,EastEurope,49,32
taxid504695,EastEurope,49,32
taxid504696,EastEurope,49,32
taxid504697,EastEurope,49,32
taxid504698,EastEurope,49,32
taxid504700,EastEurope,49,32
taxid504701,EastEurope,49,32
taxid504702,EastEurope,49,32
taxid504703,EastEurope,49,32
taxid504704,EastEurope,49,32
taxid504705,EastEurope,49,32
taxid504706,EastEurope,49,32
taxid504707,EastEurope,49,32
taxid504708,EastEurope,49,32
taxid504710,NorthAfrica,27.00,30.00
taxid504711,NorthAfrica,27.00,30.00
taxid504712,NorthAfrica,27.00,30.00
taxid504713,NorthAfrica,27.00,30.00
taxid504714,NorthAfrica,27.00,30.00
taxid504715,NorthAfrica,27.00,30.00
taxid504716,NorthAfrica,27.00,30.00
taxid504717,NorthAfrica,27.00,30.00
taxid504718,NorthAfrica,27.00,30.00
taxid504719,NorthAfrica,27.00,30.00
taxid504720,NorthAfrica,27.00,30.00
taxid504721,NorthAfrica,27.00,30.00
taxid504722,NorthAfrica,27.00,30.00
taxid504723,NorthAfrica,27.00,30.00
taxid504724,NorthAfrica,27.00,30.00
taxid504725,NorthAfrica,27.00,30.00
taxid504726,NorthAfrica,27.00,30.00
taxid504727,NorthAfrica,27.00,30.00
taxid504912,Thailand,15.00,100.00
taxid504913,Thailand,15.00,100.00
taxid504914,Thailand,15.00,100.00
taxid512761,China,35.00,105.00
taxid517205,Israel,31.50,34.75
taxid518350,China,35.00,105.00
taxid518351,China,35.00,105.00
taxid519099,Thailand,15.00,100.00
taxid519100,Thailand,15.00,100.00
taxid519101,Thailand,15.00,100.00
taxid519102,Thailand,15.00,100.00
taxid519103,Thailand,15.00,100.00
taxid519104,Thailand,15.00,100.00
taxid519105,Thailand,15.00,100.00
taxid519106,Thailand,15.00,100.00
taxid519107,Thailand,15.00,100.00
taxid519108,Thailand,15.00,100.00
taxid519109,Thailand,15.00,100.00
taxid519110,Thailand,15.00,100.00
taxid522257,NorthAfrica,27.00,30.00
taxid522258,NorthAfrica,27.00,30.00
taxid524864,China,35.00,105.00
taxid524887,Laos,18.00,105.00
taxid524889,SaudiArabia,25,45
taxid526553,WestAfrica,10.00,8.00
taxid526554,WestAfrica,10.00,8.00
taxid526555,WestAfrica,10.00,8.00
taxid527166,Kuwait,29.5,47.75
taxid527168,Japan,36,138
taxid529020,Japan,36,138
taxid529073,Russia,60.00,100.00
taxid529611,NorthAfrica,27.00,30.00
taxid529612,NorthAfrica,27.00,30.00
taxid529613,NorthAfrica,27.00,30.00
taxid529614,NorthAfrica,27.00,30.00
taxid529615,NorthAfrica,27.00,30.00
taxid529616,NorthAfrica,27.00,30.00
taxid533297,SaudiArabia,25,45
taxid88097,HongKong,22.25,114.18
taxid88103,HongKong,22.25,114.18
taxid88104,HongKong,22.25,114.18
taxid93838,China,35.00,105.00
EPI152044Gisaid,NorthAfrica,27.00,30.00
