Taxid,Lat,Long
taxid100834,HongKong,22.25,114.18
taxid100835,HongKong,22.25,114.18
taxid100836,HongKong,22.25,114.18
taxid100837,HongKong,22.25,114.18
taxid100838,HongKong,22.25,114.18
taxid100840,HongKong,22.25,114.18
taxid100841,HongKong,22.25,114.18
taxid100850,HongKong,22.25,114.18
taxid100853,HongKong,22.25,114.18
taxid100854,HongKong,22.25,114.18
taxid107423,HongKong,22.25,114.18
taxid107424,HongKong,22.25,114.18
taxid130763,HongKong,22.25,114.18
taxid132612,HongKong,22.25,114.18
taxid135658,HongKong,22.25,114.18
taxid135659,HongKong,22.25,114.18
taxid135660,HongKong,22.25,114.18
taxid135661,HongKong,22.25,114.18
taxid155218,HongKong,22.25,114.18
taxid155219,HongKong,22.25,114.18
taxid155220,HongKong,22.25,114.18
taxid155222,HongKong,22.25,114.18
taxid155223,HongKong,22.25,114.18
taxid155224,HongKong,22.25,114.18
taxid155225,HongKong,22.25,114.18
taxid155226,HongKong,22.25,114.18
taxid155227,HongKong,22.25,114.18
taxid165512,China,35.00,105.00
taxid173721,UnitedKingdom,54,-4.5
taxid176671,HongKong,22.25,114.18
taxid176672,HongKong,22.25,114.18
taxid176673,HongKong,22.25,114.18
taxid176674,HongKong,22.25,114.18
taxid176675,HongKong,22.25,114.18
taxid176676,HongKong,22.25,114.18
taxid176677,HongKong,22.25,114.18
taxid176850,HongKong,22.25,114.18
taxid176851,HongKong,22.25,114.18
taxid182781,HongKong,22.25,114.18
taxid182782,HongKong,22.25,114.18
taxid186166,HongKong,22.25,114.18
taxid186167,HongKong,22.25,114.18
taxid186168,HongKong,22.25,114.18
taxid196425,HongKong,22.25,114.18
taxid196426,HongKong,22.25,114.18
taxid196427,HongKong,22.25,114.18
taxid196428,HongKong,22.25,114.18
taxid196430,HongKong,22.25,114.18
taxid196432,HongKong,22.25,114.18
taxid196433,HongKong,22.25,114.18
taxid196434,HongKong,22.25,114.18
taxid196435,HongKong,22.25,114.18
taxid196436,HongKong,22.25,114.18
taxid196437,HongKong,22.25,114.18
taxid196438,HongKong,22.25,114.18
taxid196439,HongKong,22.25,114.18
taxid196440,HongKong,22.25,114.18
taxid196441,HongKong,22.25,114.18
taxid196442,HongKong,22.25,114.18
taxid196443,HongKong,22.25,114.18
taxid196444,HongKong,22.25,114.18
taxid196445,HongKong,22.25,114.18
taxid196446,HongKong,22.25,114.18
taxid196447,HongKong,22.25,114.18
taxid196448,HongKong,22.25,114.18
taxid196450,HongKong,22.25,114.18
taxid197012,China,35.00,105.00
taxid222140,HongKong,22.25,114.18
taxid222142,HongKong,22.25,114.18
taxid222144,HongKong,22.25,114.18
taxid222146,HongKong,22.25,114.18
taxid222147,HongKong,22.25,114.18
taxid261268,Other,0,0
taxid261666,China,35.00,105.00
taxid266093,Other,0,0
taxid266827,Other,0,0
taxid266828,Other,0,0
taxid269177,Other,0,0
taxid269178,Other,0,0
taxid270223,Other,0,0
taxid270485,Other,0,0
taxid270486,Other,0,0
taxid270491,Other,0,0
taxid270510,Other,0,0
taxid270511,Other,0,0
taxid270936,Other,0,0
taxid270945,Other,0,0
taxid274827,China,35.00,105.00
taxid274828,China,35.00,105.00
taxid274829,China,35.00,105.00
taxid274830,China,35.00,105.00
taxid274831,China,35.00,105.00
taxid274832,China,35.00,105.00
taxid274833,China,35.00,105.00
taxid274834,China,35.00,105.00
taxid274835,China,35.00,105.00
taxid274836,China,35.00,105.00
taxid274837,China,35.00,105.00
taxid274838,China,35.00,105.00
taxid274839,China,35.00,105.00
taxid274840,China,35.00,105.00
taxid274841,China,35.00,105.00
taxid274842,China,35.00,105.00
taxid274843,China,35.00,105.00
taxid274844,China,35.00,105.00
taxid274845,China,35.00,105.00
taxid274846,China,35.00,105.00
taxid274848,China,35.00,105.00
taxid279728,China,35.00,105.00
taxid279794,HongKong,22.25,114.18
taxid279795,HongKong,22.25,114.18
taxid279796,HongKong,22.25,114.18
taxid279797,HongKong,22.25,114.18
taxid279798,HongKong,22.25,114.18
taxid279799,HongKong,22.25,114.18
taxid279800,HongKong,22.25,114.18
taxid279801,HongKong,22.25,114.18
taxid279802,HongKong,22.25,114.18
taxid279803,HongKong,22.25,114.18
taxid279804,HongKong,22.25,114.18
taxid279805,HongKong,22.25,114.18
taxid282663,China,35.00,105.00
taxid283659,Other,0,0
taxid283660,Other,0,0
taxid284166,Other,0,0
taxid284167,HongKong,22.25,114.18
taxid284168,HongKong,22.25,114.18
taxid284169,HongKong,22.25,114.18
taxid284170,HongKong,22.25,114.18
taxid284171,HongKong,22.25,114.18
taxid284172,HongKong,22.25,114.18
taxid284173,HongKong,22.25,114.18
taxid284174,HongKong,22.25,114.18
taxid284175,HongKong,22.25,114.18
taxid284176,HongKong,22.25,114.18
taxid284177,HongKong,22.25,114.18
taxid284178,HongKong,22.25,114.18
taxid284179,Other,0,0
taxid284180,Other,0,0
taxid284181,Other,0,0
taxid284182,Other,0,0
taxid284183,Other,0,0
taxid284184,China,35.00,105.00
taxid284185,Other,0,0
taxid284186,Other,0,0
taxid284187,Other,0,0
taxid284188,Other,0,0
taxid284189,Other,0,0
taxid284190,Other,0,0
taxid284191,Other,0,0
taxid284192,Other,0,0
taxid284193,Other,0,0
taxid284194,Other,0,0
taxid284195,China,35.00,105.00
taxid284196,China,35.00,105.00
taxid284197,China,35.00,105.00
taxid284198,China,35.00,105.00
taxid284199,China,35.00,105.00
taxid284200,Other,0,0
taxid284201,China,35.00,105.00
taxid284203,Other,0,0
taxid284204,Other,0,0
taxid284205,China,35.00,105.00
taxid284206,China,35.00,105.00
taxid284207,HongKong,22.25,114.18
taxid284208,HongKong,22.25,114.18
taxid284209,HongKong,22.25,114.18
taxid284210,Other,0,0
taxid284211,HongKong,22.25,114.18
taxid284212,China,35.00,105.00
taxid284213,Other,0,0
taxid284214,HongKong,22.25,114.18
taxid284215,China,35.00,105.00
taxid284216,HongKong,22.25,114.18
taxid284217,Other,0,0
taxid284218,Other,0,0
taxid284219,Other,0,0
taxid284220,Other,0,0
taxid285712,China,35.00,105.00
taxid287864,China,35.00,105.00
taxid287865,China,35.00,105.00
taxid287866,Other,0,0
taxid288028,China,35.00,105.00
taxid291365,Other,0,0
taxid291366,Other,0,0
taxid291592,Other,0,0
taxid291593,Other,0,0
taxid291634,Other,0,0
taxid295670,China,35.00,105.00
taxid295671,China,35.00,105.00
taxid297793,Other,0,0
taxid298603,China,35.00,105.00
taxid299129,Other,0,0
taxid299387,Other,0,0
taxid299388,Other,0,0
taxid299619,Other,0,0
taxid299620,Other,0,0
taxid300113,Other,0,0
taxid300118,Other,0,0
taxid300123,Other,0,0
taxid301241,Other,0,0
taxid303316,Other,0,0
taxid303922,Other,0,0
taxid303923,HongKong,22.25,114.18
taxid303924,Other,0,0
taxid303925,HongKong,22.25,114.18
taxid304337,China,35.00,105.00
taxid305398,Other,0,0
taxid305847,China,35.00,105.00
taxid307154,Other,0,0
taxid307622,China,35.00,105.00
taxid309834,China,35.00,105.00
taxid309836,China,35.00,105.00
taxid309837,China,35.00,105.00
taxid310538,Other,0,0
taxid311555,Other,0,0
taxid311556,Other,0,0
taxid319101,China,35.00,105.00
taxid319102,China,35.00,105.00
taxid319103,China,35.00,105.00
taxid319104,China,35.00,105.00
taxid319105,China,35.00,105.00
taxid319106,China,35.00,105.00
taxid320306,Belgium,50.83,4.00
taxid322564,Other,0,0
taxid322565,Other,0,0
taxid322566,Other,0,0
taxid322567,Other,0,0
taxid326031,HongKong,22.25,114.18
taxid326198,China,35.00,105.00
taxid326490,Other,0,0
taxid327048,Other,0,0
taxid329180,UnitedKingdom,54,-4.5
taxid329182,Other,0,0
taxid329183,Other,0,0
taxid329266,China,35.00,105.00
taxid329384,France,46.00,2.00
taxid332192,China,35.00,105.00
taxid336092,China,35.00,105.00
taxid336093,China,35.00,105.00
taxid336094,China,35.00,105.00
taxid336095,China,35.00,105.00
taxid336232,China,35.00,105.00
taxid336233,China,35.00,105.00
taxid336234,China,35.00,105.00
taxid336235,China,35.00,105.00
taxid336236,China,35.00,105.00
taxid336237,China,35.00,105.00
taxid336238,China,35.00,105.00
taxid336239,China,35.00,105.00
taxid336240,China,35.00,105.00
taxid336241,China,35.00,105.00
taxid336242,China,35.00,105.00
taxid336243,China,35.00,105.00
taxid336244,China,35.00,105.00
taxid336245,China,35.00,105.00
taxid336246,China,35.00,105.00
taxid336247,China,35.00,105.00
taxid336248,China,35.00,105.00
taxid336249,China,35.00,105.00
taxid336250,China,35.00,105.00
taxid336251,China,35.00,105.00
taxid337309,China,35.00,105.00
taxid337310,China,35.00,105.00
taxid337311,China,35.00,105.00
taxid337312,China,35.00,105.00
taxid337590,Other,0,0
taxid337591,Other,0,0
taxid337592,Other,0,0
taxid337593,Other,0,0
taxid337594,Other,0,0
taxid337595,Other,0,0
taxid337596,Other,0,0
taxid337597,Other,0,0
taxid337598,Other,0,0
taxid337599,Other,0,0
taxid337600,Other,0,0
taxid337601,Other,0,0
taxid337602,Other,0,0
taxid337603,Other,0,0
taxid337604,Other,0,0
taxid337605,Other,0,0
taxid337606,Other,0,0
taxid337607,Other,0,0
taxid337608,Other,0,0
taxid337609,Other,0,0
taxid337610,Other,0,0
taxid337611,Other,0,0
taxid337612,Other,0,0
taxid337613,Other,0,0
taxid337614,Other,0,0
taxid337615,Other,0,0
taxid337616,Other,0,0
taxid337617,Other,0,0
taxid337618,Other,0,0
taxid337619,Other,0,0
taxid337620,Other,0,0
taxid337621,Other,0,0
taxid337622,Other,0,0
taxid337623,Other,0,0
taxid337624,Other,0,0
taxid337625,Other,0,0
taxid340012,Other,0,0
taxid344595,Other,0,0
taxid344596,Other,0,0
taxid344597,Other,0,0
taxid344598,Other,0,0
taxid345295,China,35.00,105.00
taxid348156,China,35.00,105.00
taxid348599,China,35.00,105.00
taxid348600,China,35.00,105.00
taxid348601,China,35.00,105.00
taxid348602,China,35.00,105.00
taxid352375,Other,0,0
taxid353252,Russia,60.00,100.00
taxid353253,Russia,60.00,100.00
taxid354085,Other,0,0
taxid354086,Other,0,0
taxid357205,HongKong,22.25,114.18
taxid357207,Other,0,0
taxid357208,Other,0,0
taxid357209,Other,0,0
taxid357210,Other,0,0
taxid357211,Other,0,0
taxid357212,Other,0,0
taxid357213,Other,0,0
taxid363744,Russia,60.00,100.00
taxid365068,China,35.00,105.00
taxid365069,China,35.00,105.00
taxid365070,China,35.00,105.00
taxid365071,China,35.00,105.00
taxid365072,China,35.00,105.00
taxid365073,China,35.00,105.00
taxid365074,China,35.00,105.00
taxid365075,China,35.00,105.00
taxid365076,China,35.00,105.00
taxid365077,China,35.00,105.00
taxid365078,China,35.00,105.00
taxid365079,China,35.00,105.00
taxid365080,China,35.00,105.00
taxid365081,China,35.00,105.00
taxid365082,China,35.00,105.00
taxid365083,China,35.00,105.00
taxid365084,China,35.00,105.00
taxid365085,China,35.00,105.00
taxid365086,China,35.00,105.00
taxid365087,China,35.00,105.00
taxid365088,China,35.00,105.00
taxid365089,China,35.00,105.00
taxid365090,China,35.00,105.00
taxid365091,China,35.00,105.00
taxid365092,China,35.00,105.00
taxid365093,China,35.00,105.00
taxid365094,China,35.00,105.00
taxid365095,China,35.00,105.00
taxid365096,China,35.00,105.00
taxid365097,China,35.00,105.00
taxid365098,China,35.00,105.00
taxid365099,China,35.00,105.00
taxid365100,China,35.00,105.00
taxid365101,China,35.00,105.00
taxid365102,China,35.00,105.00
taxid365103,China,35.00,105.00
taxid365104,China,35.00,105.00
taxid365105,China,35.00,105.00
taxid365106,China,35.00,105.00
taxid365107,China,35.00,105.00
taxid365108,China,35.00,105.00
taxid365109,China,35.00,105.00
taxid365110,China,35.00,105.00
taxid365111,China,35.00,105.00
taxid365112,China,35.00,105.00
taxid365113,China,35.00,105.00
taxid365114,China,35.00,105.00
taxid365115,China,35.00,105.00
taxid365116,HongKong,22.25,114.18
taxid365120,Other,0,0
taxid365121,Other,0,0
taxid365122,Other,0,0
taxid365123,Other,0,0
taxid365124,Other,0,0
taxid365125,Other,0,0
taxid365126,Other,0,0
taxid365127,Other,0,0
taxid365128,Other,0,0
taxid365129,Other,0,0
taxid365130,Other,0,0
taxid365131,Other,0,0
taxid365132,Other,0,0
taxid365133,HongKong,22.25,114.18
taxid365134,HongKong,22.25,114.18
taxid365135,HongKong,22.25,114.18
taxid365495,Other,0,0
taxid365496,Other,0,0
taxid365497,Other,0,0
taxid367021,China,35.00,105.00
taxid367023,China,35.00,105.00
taxid367062,Russia,60.00,100.00
taxid367715,China,35.00,105.00
taxid367770,Other,0,0
taxid368859,Russia,60.00,100.00
taxid369437,Russia,60.00,100.00
taxid369438,Russia,60.00,100.00
taxid369763,Other,0,0
taxid369764,Other,0,0
taxid369765,Other,0,0
taxid369766,China,35.00,105.00
taxid369773,China,35.00,105.00
taxid370810,China,35.00,105.00
taxid370811,China,35.00,105.00
taxid370812,China,35.00,105.00
taxid370832,Russia,60.00,100.00
taxid370847,Other,0,0
taxid370848,Russia,60.00,100.00
taxid372483,Russia,60.00,100.00
taxid373035,Nigeria,10.00,8.00
taxid373132,Russia,60.00,100.00
taxid373513,Italy,42.83,12.83
taxid374074,Russia,60.00,100.00
taxid374595,Russia,60.00,100.00
taxid374987,China,35.00,105.00
taxid374988,China,35.00,105.00
taxid374997,Iraq,33.00,44.00
taxid374998,Iraq,33.00,44.00
taxid374999,Iraq,33.00,44.00
taxid375457,Other,0,0
taxid375753,Other,0,0
taxid376614,Egypt,27.00,30.00
taxid376709,Italy,42.83,12.83
taxid376721,Russia,60.00,100.00
taxid376722,Russia,60.00,100.00
taxid376899,Other,0,0
taxid378045,Germany,51.50,10.50
taxid378547,Germany,51.50,10.50
taxid378550,Egypt,27.00,30.00
taxid380792,Other,0,0
taxid380793,Other,0,0
taxid380794,Other,0,0
taxid380795,Other,0,0
taxid380796,Other,0,0
taxid380797,Other,0,0
taxid380798,Other,0,0
taxid380799,Other,0,0
taxid380800,Other,0,0
taxid380801,Other,0,0
taxid380802,Other,0,0
taxid380803,Other,0,0
taxid380805,Other,0,0
taxid380806,Other,0,0
taxid380807,Other,0,0
taxid380808,Other,0,0
taxid380809,Other,0,0
taxid380810,Other,0,0
taxid380811,Other,0,0
taxid380812,Other,0,0
taxid380813,Other,0,0
taxid380814,Other,0,0
taxid380815,Other,0,0
taxid380816,Other,0,0
taxid380817,Other,0,0
taxid380818,Other,0,0
taxid380819,Other,0,0
taxid380820,Other,0,0
taxid380821,Other,0,0
taxid380822,Other,0,0
taxid380823,Other,0,0
taxid380824,Other,0,0
taxid380825,Other,0,0
taxid380826,Other,0,0
taxid380827,Other,0,0
taxid380828,Other,0,0
taxid380829,Other,0,0
taxid380830,Other,0,0
taxid380831,Other,0,0
taxid380832,Other,0,0
taxid380833,Other,0,0
taxid380834,Other,0,0
taxid380835,Other,0,0
taxid380836,Other,0,0
taxid380837,Other,0,0
taxid380838,Other,0,0
taxid380839,Other,0,0
taxid380840,Other,0,0
taxid380841,Other,0,0
taxid380842,Other,0,0
taxid380843,Other,0,0
taxid380844,Other,0,0
taxid380845,Other,0,0
taxid380846,Other,0,0
taxid380847,Other,0,0
taxid380848,Other,0,0
taxid380849,Other,0,0
taxid380850,Other,0,0
taxid380851,Other,0,0
taxid380852,Other,0,0
taxid380853,Other,0,0
taxid380854,Other,0,0
taxid380855,Other,0,0
taxid380856,Other,0,0
taxid380857,Other,0,0
taxid380858,Other,0,0
taxid380860,Other,0,0
taxid380861,Other,0,0
taxid380862,Other,0,0
taxid380863,Other,0,0
taxid380864,Other,0,0
taxid380865,Other,0,0
taxid380866,Other,0,0
taxid380867,Other,0,0
taxid380868,Other,0,0
taxid380869,Other,0,0
taxid380870,Other,0,0
taxid380871,Other,0,0
taxid380872,Other,0,0
taxid381000,Other,0,0
taxid382642,China,35.00,105.00
taxid382643,China,35.00,105.00
taxid384064,Other,0,0
taxid384845,CzechRepublic,49.75,15.00
taxid385215,Nigeria,10.00,8.00
taxid385216,Nigeria,10.00,8.00
taxid385217,Nigeria,10.00,8.00
taxid385218,Nigeria,10.00,8.00
taxid385219,Nigeria,10.00,8.00
taxid385220,Nigeria,10.00,8.00
taxid385221,Nigeria,10.00,8.00
taxid386438,Germany,51.50,10.50
taxid387904,Niger_,16.00,8.00
taxid388110,Other,0,0
taxid389218,Russia,60.00,100.00
taxid389220,Russia,60.00,100.00
taxid389221,Russia,60.00,100.00
taxid389222,Other,0,0
taxid389226,Other,0,0
taxid390720,China,35.00,105.00
taxid391617,Germany,51.50,10.50
taxid391628,Other,0,0
taxid391954,Other,0,0
taxid391955,Other,0,0
taxid392001,China,35.00,105.00
taxid392002,China,35.00,105.00
taxid392003,China,35.00,105.00
taxid392751,China,35.00,105.00
taxid392752,Other,0,0
taxid392753,Other,0,0
taxid392754,Other,0,0
taxid392755,Other,0,0
taxid392756,Other,0,0
taxid392757,Other,0,0
taxid392758,Other,0,0
taxid392759,Other,0,0
taxid393058,China,35.00,105.00
taxid393170,Niger_,16.00,8.00
taxid393171,Niger_,16.00,8.00
taxid393174,Italy,42.83,12.83
taxid393294,Egypt,27.00,30.00
taxid393295,Egypt,27.00,30.00
taxid393296,Egypt,27.00,30.00
taxid393297,Egypt,27.00,30.00
taxid393316,CotedIvoire,8.00,-5.00
taxid393616,Other,0,0
taxid394194,Russia,60.00,100.00
taxid394195,Russia,60.00,100.00
taxid394327,Israel,31.50,34.75
taxid394329,Israel,31.50,34.75
taxid395335,Egypt,27.00,30.00
taxid395336,Sudan,15.00,30.00
taxid395337,Sudan,15.00,30.00
taxid395338,Sudan,15.00,30.00
taxid395339,Egypt,27.00,30.00
taxid396336,Russia,60.00,100.00
taxid396337,Russia,60.00,100.00
taxid396338,Russia,60.00,100.00
taxid396339,Russia,60.00,100.00
taxid396340,Russia,60.00,100.00
taxid396341,Other,0,0
taxid396342,Russia,60.00,100.00
taxid397458,Russia,60.00,100.00
taxid398317,Other,0,0
taxid398325,Other,0,0
taxid398328,Other,0,0
taxid398581,China,35.00,105.00
taxid399312,Russia,60.00,100.00
taxid399313,Russia,60.00,100.00
taxid399785,China,35.00,105.00
taxid399786,China,35.00,105.00
taxid400253,Nigeria,10.00,8.00
taxid400254,Nigeria,10.00,8.00
taxid400256,Italy,42.83,12.83
taxid400257,CotedIvoire,8.00,-5.00
taxid400258,CotedIvoire,8.00,-5.00
taxid400259,Sudan,15.00,30.00
taxid400260,Sudan,15.00,30.00
taxid400261,Croatia,45.17,15.50
taxid400262,Slovenia,46.25,15.17
taxid400263,Other,0,0
taxid400264,Other,0,0
taxid400265,Other,0,0
taxid400266,Other,0,0
taxid400267,Other,0,0
taxid400268,Other,0,0
taxid400269,Other,0,0
taxid400270,Other,0,0
taxid400271,Other,0,0
taxid400273,Other,0,0
taxid400274,Other,0,0
taxid400275,Other,0,0
taxid400276,Other,0,0
taxid400283,Nigeria,10.00,8.00
taxid400284,Nigeria,10.00,8.00
taxid400285,Nigeria,10.00,8.00
taxid400286,Nigeria,10.00,8.00
taxid400287,Nigeria,10.00,8.00
taxid400288,Nigeria,10.00,8.00
taxid400788,Other,0,0
taxid400789,Other,0,0
taxid400790,Other,0,0
taxid400791,Other,0,0
taxid400792,Other,0,0
taxid400793,Other,0,0
taxid400794,Other,0,0
taxid400795,Other,0,0
taxid400796,Other,0,0
taxid400797,Other,0,0
taxid400798,Other,0,0
taxid400799,Other,0,0
taxid400800,Other,0,0
taxid400801,Other,0,0
taxid400802,Other,0,0
taxid400803,Other,0,0
taxid400804,Other,0,0
taxid400805,Other,0,0
taxid400806,Other,0,0
taxid400807,Other,0,0
taxid400808,Other,0,0
taxid400809,Other,0,0
taxid400810,Other,0,0
taxid400811,Other,0,0
taxid400812,Other,0,0
taxid400813,Other,0,0
taxid400814,Other,0,0
taxid400815,Other,0,0
taxid400816,Other,0,0
taxid400817,Other,0,0
taxid400818,Other,0,0
taxid400819,Other,0,0
taxid400820,Other,0,0
taxid400821,Other,0,0
taxid400822,Other,0,0
taxid400823,Other,0,0
taxid400824,Other,0,0
taxid400825,Other,0,0
taxid400826,Other,0,0
taxid400827,Other,0,0
taxid400828,Other,0,0
taxid400829,Other,0,0
taxid400830,Other,0,0
taxid400831,Other,0,0
taxid400832,Other,0,0
taxid400833,Other,0,0
taxid400834,Other,0,0
taxid401565,Other,0,0
taxid401566,Other,0,0
taxid401567,Other,0,0
taxid402527,UnitedKingdom,54,-4.5
taxid404142,China,35.00,105.00
taxid404146,China,35.00,105.00
taxid404147,China,35.00,105.00
taxid404148,China,35.00,105.00
taxid404149,China,35.00,105.00
taxid404151,China,35.00,105.00
taxid404155,China,35.00,105.00
taxid404156,China,35.00,105.00
taxid404159,China,35.00,105.00
taxid404160,China,35.00,105.00
taxid404162,China,35.00,105.00
taxid404164,China,35.00,105.00
taxid404166,China,35.00,105.00
taxid404169,China,35.00,105.00
taxid404170,China,35.00,105.00
taxid404171,China,35.00,105.00
taxid404172,China,35.00,105.00
taxid404173,China,35.00,105.00
taxid404174,China,35.00,105.00
taxid404177,China,35.00,105.00
taxid404178,China,35.00,105.00
taxid404179,China,35.00,105.00
taxid404182,China,35.00,105.00
taxid404183,China,35.00,105.00
taxid404184,China,35.00,105.00
taxid404185,China,35.00,105.00
taxid404186,China,35.00,105.00
taxid404187,China,35.00,105.00
taxid404188,China,35.00,105.00
taxid404189,China,35.00,105.00
taxid404190,China,35.00,105.00
taxid404191,China,35.00,105.00
taxid404408,China,35.00,105.00
taxid404906,Germany,51.50,10.50
taxid404907,Germany,51.50,10.50
taxid404908,Germany,51.50,10.50
taxid404909,Germany,51.50,10.50
taxid404910,Germany,51.50,10.50
taxid404911,Germany,51.50,10.50
taxid404912,Germany,51.50,10.50
taxid404913,Germany,51.50,10.50
taxid404914,Germany,51.50,10.50
taxid404915,Germany,51.50,10.50
taxid404916,Germany,51.50,10.50
taxid404917,Germany,51.50,10.50
taxid404918,Germany,51.50,10.50
taxid404919,Germany,51.50,10.50
taxid404920,Germany,51.50,10.50
taxid404921,Germany,51.50,10.50
taxid404922,Germany,51.50,10.50
taxid404923,Germany,51.50,10.50
taxid404924,Germany,51.50,10.50
taxid404925,Germany,51.50,10.50
taxid404926,Germany,51.50,10.50
taxid404927,Germany,51.50,10.50
taxid404928,Germany,51.50,10.50
taxid406790,BurkinaFaso,13.00,-2.00
taxid406791,BurkinaFaso,13.00,-2.00
taxid406792,BurkinaFaso,13.00,-2.00
taxid406793,Nigeria,10.00,8.00
taxid406794,Nigeria,10.00,8.00
taxid406795,Nigeria,10.00,8.00
taxid406796,Nigeria,10.00,8.00
taxid406797,Nigeria,10.00,8.00
taxid406798,Nigeria,10.00,8.00
taxid406799,Nigeria,10.00,8.00
taxid407205,Germany,51.50,10.50
taxid407369,Egypt,27.00,30.00
taxid407394,China,35.00,105.00
taxid407395,HongKong,22.25,114.18
taxid407396,China,35.00,105.00
taxid407397,China,35.00,105.00
taxid407398,China,35.00,105.00
taxid407399,China,35.00,105.00
taxid407400,China,35.00,105.00
taxid407401,China,35.00,105.00
taxid407403,China,35.00,105.00
taxid407405,China,35.00,105.00
taxid407406,China,35.00,105.00
taxid407407,China,35.00,105.00
taxid407408,China,35.00,105.00
taxid407409,China,35.00,105.00
taxid407410,China,35.00,105.00
taxid407411,China,35.00,105.00
taxid407412,China,35.00,105.00
taxid407415,China,35.00,105.00
taxid407418,China,35.00,105.00
taxid407420,China,35.00,105.00
taxid407424,China,35.00,105.00
taxid407425,China,35.00,105.00
taxid407430,China,35.00,105.00
taxid407431,China,35.00,105.00
taxid407433,China,35.00,105.00
taxid407434,China,35.00,105.00
taxid407435,China,35.00,105.00
taxid407436,HongKong,22.25,114.18
taxid407437,HongKong,22.25,114.18
taxid407440,China,35.00,105.00
taxid407441,China,35.00,105.00
taxid407442,China,35.00,105.00
taxid407444,HongKong,22.25,114.18
taxid407445,HongKong,22.25,114.18
taxid407446,HongKong,22.25,114.18
taxid407447,HongKong,22.25,114.18
taxid407448,HongKong,22.25,114.18
taxid407452,China,35.00,105.00
taxid407453,China,35.00,105.00
taxid407455,China,35.00,105.00
taxid407456,China,35.00,105.00
taxid407466,China,35.00,105.00
taxid407467,China,35.00,105.00
taxid407468,China,35.00,105.00
taxid407469,China,35.00,105.00
taxid407471,China,35.00,105.00
taxid407475,China,35.00,105.00
taxid407478,China,35.00,105.00
taxid407479,China,35.00,105.00
taxid407480,China,35.00,105.00
taxid407481,China,35.00,105.00
taxid407487,China,35.00,105.00
taxid407489,China,35.00,105.00
taxid407490,China,35.00,105.00
taxid407491,China,35.00,105.00
taxid407492,China,35.00,105.00
taxid407494,China,35.00,105.00
taxid407496,China,35.00,105.00
taxid407499,China,35.00,105.00
taxid407500,China,35.00,105.00
taxid407503,China,35.00,105.00
taxid407504,China,35.00,105.00
taxid407506,China,35.00,105.00
taxid407508,China,35.00,105.00
taxid407512,China,35.00,105.00
taxid407515,China,35.00,105.00
taxid407518,China,35.00,105.00
taxid407521,China,35.00,105.00
taxid407523,China,35.00,105.00
taxid407525,China,35.00,105.00
taxid407528,China,35.00,105.00
taxid407530,China,35.00,105.00
taxid407531,China,35.00,105.00
taxid407532,China,35.00,105.00
taxid407533,China,35.00,105.00
taxid407536,China,35.00,105.00
taxid407540,China,35.00,105.00
taxid407555,China,35.00,105.00
taxid407564,China,35.00,105.00
taxid407566,China,35.00,105.00
taxid407573,China,35.00,105.00
taxid407582,China,35.00,105.00
taxid407586,China,35.00,105.00
taxid407587,China,35.00,105.00
taxid407605,China,35.00,105.00
taxid407607,China,35.00,105.00
taxid407613,China,35.00,105.00
taxid407617,China,35.00,105.00
taxid407622,China,35.00,105.00
taxid407625,China,35.00,105.00
taxid407627,China,35.00,105.00
taxid407628,China,35.00,105.00
taxid407642,China,35.00,105.00
taxid407645,China,35.00,105.00
taxid407647,China,35.00,105.00
taxid407648,China,35.00,105.00
taxid407649,China,35.00,105.00
taxid407656,China,35.00,105.00
taxid407661,China,35.00,105.00
taxid407663,China,35.00,105.00
taxid407664,China,35.00,105.00
taxid407665,China,35.00,105.00
taxid407667,China,35.00,105.00
taxid407669,China,35.00,105.00
taxid407671,China,35.00,105.00
taxid407672,China,35.00,105.00
taxid407673,China,35.00,105.00
taxid407675,China,35.00,105.00
taxid407677,China,35.00,105.00
taxid407681,China,35.00,105.00
taxid407682,China,35.00,105.00
taxid407684,China,35.00,105.00
taxid407686,China,35.00,105.00
taxid407688,China,35.00,105.00
taxid407689,China,35.00,105.00
taxid407713,China,35.00,105.00
taxid407715,China,35.00,105.00
taxid407734,China,35.00,105.00
taxid407736,China,35.00,105.00
taxid407738,China,35.00,105.00
taxid407739,China,35.00,105.00
taxid407741,China,35.00,105.00
taxid407744,China,35.00,105.00
taxid407745,China,35.00,105.00
taxid407746,China,35.00,105.00
taxid407748,China,35.00,105.00
taxid407750,China,35.00,105.00
taxid407768,China,35.00,105.00
taxid407773,China,35.00,105.00
taxid407774,China,35.00,105.00
taxid407775,China,35.00,105.00
taxid407778,China,35.00,105.00
taxid407788,China,35.00,105.00
taxid407789,China,35.00,105.00
taxid407790,China,35.00,105.00
taxid407791,China,35.00,105.00
taxid407793,HongKong,22.25,114.18
taxid407794,HongKong,22.25,114.18
taxid407795,HongKong,22.25,114.18
taxid407796,HongKong,22.25,114.18
taxid407797,HongKong,22.25,114.18
taxid407798,China,35.00,105.00
taxid407799,HongKong,22.25,114.18
taxid407800,HongKong,22.25,114.18
taxid407801,HongKong,22.25,114.18
taxid408165,Other,0,0
taxid408166,Other,0,0
taxid408167,Other,0,0
taxid408205,Other,0,0
taxid408206,Other,0,0
taxid409924,Egypt,27.00,30.00
taxid409925,Egypt,27.00,30.00
taxid409926,Egypt,27.00,30.00
taxid409927,Egypt,27.00,30.00
taxid409928,Egypt,27.00,30.00
taxid409929,Egypt,27.00,30.00
taxid409930,Egypt,27.00,30.00
taxid409931,Egypt,27.00,30.00
taxid409942,Egypt,27.00,30.00
taxid409944,Egypt,27.00,30.00
taxid413711,Other,0,0
taxid413883,Other,0,0
taxid414044,Other,0,0
taxid414668,Other,0,0
taxid414669,Other,0,0
taxid414670,Other,0,0
taxid415313,Other,0,0
taxid415314,Other,0,0
taxid415315,Other,0,0
taxid415316,Other,0,0
taxid415684,Germany,51.50,10.50
taxid415685,Germany,51.50,10.50
taxid415686,Germany,51.50,10.50
taxid415687,Germany,51.50,10.50
taxid415688,Germany,51.50,10.50
taxid415689,Germany,51.50,10.50
taxid415690,Germany,51.50,10.50
taxid415691,Germany,51.50,10.50
taxid415692,Germany,51.50,10.50
taxid415693,Germany,51.50,10.50
taxid415694,Germany,51.50,10.50
taxid415695,Germany,51.50,10.50
taxid415696,Germany,51.50,10.50
taxid415697,Germany,51.50,10.50
taxid415698,Germany,51.50,10.50
taxid415699,Germany,51.50,10.50
taxid415700,Germany,51.50,10.50
taxid415701,Germany,51.50,10.50
taxid415702,Germany,51.50,10.50
taxid415937,Other,0,0
taxid415938,Other,0,0
taxid415939,Other,0,0
taxid415940,Other,0,0
taxid415941,Other,0,0
taxid415942,Other,0,0
taxid415963,Switzerland,47.00,8.00
taxid416367,Other,0,0
taxid418868,Egypt,27.00,30.00
taxid418869,Egypt,27.00,30.00
taxid421466,Other,0,0
taxid421467,Other,0,0
taxid421468,Other,0,0
taxid421469,Other,0,0
taxid421471,Other,0,0
taxid421472,Other,0,0
taxid421473,Other,0,0
taxid421474,Other,0,0
taxid421475,Other,0,0
taxid421476,Other,0,0
taxid421477,Other,0,0
taxid421901,Egypt,27.00,30.00
taxid425624,Germany,51.50,10.50
taxid426013,Austria,47.3333,13.3333
taxid426014,Austria,47.3333,13.3333
taxid426642,Egypt,27.00,30.00
taxid426643,Egypt,27.00,30.00
taxid426644,Egypt,27.00,30.00
taxid426645,Egypt,27.00,30.00
taxid426646,Egypt,27.00,30.00
taxid426647,Egypt,27.00,30.00
taxid426783,Other,0,0
taxid426784,Other,0,0
taxid427425,Hungary,47.00,20.00
taxid427426,Hungary,47.00,20.00
taxid427773,Other,0,0
taxid427888,Other,0,0
taxid427889,Other,0,0
taxid427890,Other,0,0
taxid427891,Other,0,0
taxid427892,Other,0,0
taxid427893,Other,0,0
taxid428662,Other,0,0
taxid428667,Other,0,0
taxid428668,Other,0,0
taxid428669,Other,0,0
taxid430058,UnitedKingdom,54,-4.5
taxid430432,Other,0,0
taxid430433,Other,0,0
taxid430434,Other,0,0
taxid430436,Other,0,0
taxid430438,Other,0,0
taxid430439,Other,0,0
taxid430440,Other,0,0
taxid430490,Russia,60.00,100.00
taxid430595,Egypt,27.00,30.00
taxid430596,Egypt,27.00,30.00
taxid430597,Egypt,27.00,30.00
taxid430598,Egypt,27.00,30.00
taxid430599,Egypt,27.00,30.00
taxid430600,Egypt,27.00,30.00
taxid430601,Egypt,27.00,30.00
taxid430602,Egypt,27.00,30.00
taxid430603,Egypt,27.00,30.00
taxid430604,Egypt,27.00,30.00
taxid430605,Egypt,27.00,30.00
taxid430655,France,46.00,2.00
taxid430656,France,46.00,2.00
taxid430657,France,46.00,2.00
taxid430658,France,46.00,2.00
taxid430661,France,46.00,2.00
taxid430663,France,46.00,2.00
taxid430724,Other,0,0
taxid430725,Other,0,0
taxid430726,Other,0,0
taxid430728,Other,0,0
taxid430730,Other,0,0
taxid430731,Other,0,0
taxid430732,Other,0,0
taxid430733,Other,0,0
taxid430734,Other,0,0
taxid430735,Other,0,0
taxid430736,Other,0,0
taxid430737,Other,0,0
taxid430738,Other,0,0
taxid430739,Other,0,0
taxid430740,Other,0,0
taxid430741,Other,0,0
taxid430742,Other,0,0
taxid430743,Other,0,0
taxid430744,Other,0,0
taxid430745,Other,0,0
taxid430746,Other,0,0
taxid430747,Other,0,0
taxid431158,China,35.00,105.00
taxid431919,CotedIvoire,8.00,-5.00
taxid431920,CotedIvoire,8.00,-5.00
taxid431921,Other,0,0
taxid431922,Sudan,15.00,30.00
taxid431923,Other,0,0
taxid431924,Egypt,27.00,30.00
taxid431925,CotedIvoire,8.00,-5.00
taxid431926,Other,0,0
taxid431927,Other,0,0
taxid431994,Nigeria,10.00,8.00
taxid431995,Nigeria,10.00,8.00
taxid431996,Nigeria,10.00,8.00
taxid431997,Nigeria,10.00,8.00
taxid431998,Nigeria,10.00,8.00
taxid431999,Nigeria,10.00,8.00
taxid432000,Nigeria,10.00,8.00
taxid432001,Nigeria,10.00,8.00
taxid432070,HongKong,22.25,114.18
taxid432071,Other,0,0
taxid432072,Other,0,0
taxid432073,Other,0,0
taxid432074,Other,0,0
taxid432075,Other,0,0
taxid432076,Other,0,0
taxid432077,Other,0,0
taxid432078,Other,0,0
taxid432087,Other,0,0
taxid432360,Other,0,0
taxid432361,Other,0,0
taxid432362,Other,0,0
taxid432364,Other,0,0
taxid433435,Sudan,15.00,30.00
taxid434192,Russia,60.00,100.00
taxid434193,Russia,60.00,100.00
taxid434194,Russia,60.00,100.00
taxid434195,Russia,60.00,100.00
taxid434196,Russia,60.00,100.00
taxid434197,Russia,60.00,100.00
taxid434198,Russia,60.00,100.00
taxid434334,CotedIvoire,8.00,-5.00
taxid434913,Other,0,0
taxid434914,Other,0,0
taxid434915,Other,0,0
taxid434916,Other,0,0
taxid434917,Other,0,0
taxid435894,Other,0,0
taxid438150,Other,0,0
taxid438151,Other,0,0
taxid438152,Other,0,0
taxid438170,Other,0,0
taxid438171,Other,0,0
taxid438173,Other,0,0
taxid438174,Other,0,0
taxid438175,Other,0,0
taxid438176,Other,0,0
taxid438177,Other,0,0
taxid438215,Other,0,0
taxid438516,Other,0,0
taxid438882,Egypt,27.00,30.00
taxid438883,Egypt,27.00,30.00
taxid438884,Egypt,27.00,30.00
taxid438885,Egypt,27.00,30.00
taxid438886,Egypt,27.00,30.00
taxid438887,Egypt,27.00,30.00
taxid438888,Egypt,27.00,30.00
taxid438889,Egypt,27.00,30.00
taxid438890,Egypt,27.00,30.00
taxid438891,Egypt,27.00,30.00
taxid439576,Israel,31.50,34.75
taxid439577,Israel,31.50,34.75
taxid439578,Israel,31.50,34.75
taxid439579,Israel,31.50,34.75
taxid439580,Israel,31.50,34.75
taxid439581,Israel,31.50,34.75
taxid439582,Israel,31.50,34.75
taxid439583,Israel,31.50,34.75
taxid439584,Israel,31.50,34.75
taxid439856,Other,0,0
taxid439857,Other,0,0
taxid439858,Other,0,0
taxid439859,Other,0,0
taxid439860,Other,0,0
taxid439949,Other,0,0
taxid439950,Other,0,0
taxid439951,Other,0,0
taxid439953,Other,0,0
taxid439954,Other,0,0
taxid439955,Other,0,0
taxid439956,Other,0,0
taxid439958,Other,0,0
taxid439959,Other,0,0
taxid439961,Other,0,0
taxid439962,Other,0,0
taxid439963,Other,0,0
taxid440388,Other,0,0
taxid440389,Other,0,0
taxid440390,Other,0,0
taxid440391,Other,0,0
taxid441895,Other,0,0
taxid441896,Other,0,0
taxid442298,Germany,51.50,10.50
taxid442942,Other,0,0
taxid442966,Russia,60.00,100.00
taxid444321,China,35.00,105.00
taxid444322,China,35.00,105.00
taxid445027,China,35.00,105.00
taxid446817,Ghana,8,-2
taxid446818,Ghana,8,-2
taxid446819,Ghana,8,-2
taxid447616,China,35.00,105.00
taxid452107,Denmark,56,10
taxid452108,Denmark,56,10
taxid452109,Denmark,56,10
taxid452110,Denmark,56,10
taxid452111,Denmark,56,10
taxid452112,Denmark,56,10
taxid452113,Denmark,56,10
taxid452114,Denmark,56,10
taxid452115,Denmark,56,10
taxid452116,Denmark,56,10
taxid452910,Other,0,0
taxid452911,Other,0,0
taxid454137,Germany,51.50,10.50
taxid454138,Germany,51.50,10.50
taxid455644,Germany,51.50,10.50
taxid455818,Switzerland,47.00,8.00
taxid455819,Switzerland,47.00,8.00
taxid455820,Switzerland,47.00,8.00
taxid455821,Switzerland,47.00,8.00
taxid455822,Switzerland,47.00,8.00
taxid455823,Switzerland,47.00,8.00
taxid455824,Switzerland,47.00,8.00
taxid455825,Switzerland,47.00,8.00
taxid455826,Switzerland,47.00,8.00
taxid455827,Switzerland,47.00,8.00
taxid461350,Egypt,27.00,30.00
taxid461351,Egypt,27.00,30.00
taxid461352,Egypt,27.00,30.00
taxid461353,Egypt,27.00,30.00
taxid461354,Egypt,27.00,30.00
taxid461355,Egypt,27.00,30.00
taxid461356,Egypt,27.00,30.00
taxid461357,Egypt,27.00,30.00
taxid461358,Egypt,27.00,30.00
taxid461359,Egypt,27.00,30.00
taxid461360,Egypt,27.00,30.00
taxid461837,Other,0,0
taxid462711,Other,0,0
taxid462712,Other,0,0
taxid462713,Other,0,0
taxid462714,Other,0,0
taxid462715,Other,0,0
taxid462716,Other,0,0
taxid462717,Other,0,0
taxid462718,Other,0,0
taxid462719,Other,0,0
taxid464314,China,35.00,105.00
taxid464315,China,35.00,105.00
taxid464401,Other,0,0
taxid464442,Other,0,0
taxid464443,Other,0,0
taxid464445,Other,0,0
taxid464446,Other,0,0
taxid464447,Other,0,0
taxid464448,Other,0,0
taxid464449,Other,0,0
taxid464450,Egypt,27.00,30.00
taxid464451,Egypt,27.00,30.00
taxid464452,Iraq,33.00,44.00
taxid464453,Iraq,33.00,44.00
taxid464454,Iraq,33.00,44.00
taxid464455,Iraq,33.00,44.00
taxid464456,Iraq,33.00,44.00
taxid464457,Nigeria,10.00,8.00
taxid464458,Egypt,27.00,30.00
taxid464459,Egypt,27.00,30.00
taxid464460,Egypt,27.00,30.00
taxid464500,Other,0,0
taxid464501,Other,0,0
taxid464504,Other,0,0
taxid464505,Other,0,0
taxid464506,Other,0,0
taxid464508,Other,0,0
taxid464509,Other,0,0
taxid464510,Other,0,0
taxid464511,Other,0,0
taxid464512,Other,0,0
taxid464513,Other,0,0
taxid464514,Other,0,0
taxid464515,Other,0,0
taxid464516,Other,0,0
taxid464517,Other,0,0
taxid464518,Other,0,0
taxid464519,Other,0,0
taxid464520,Other,0,0
taxid464521,Other,0,0
taxid464522,Other,0,0
taxid464523,Other,0,0
taxid464524,Other,0,0
taxid464525,Other,0,0
taxid464526,Other,0,0
taxid464527,Other,0,0
taxid464528,Other,0,0
taxid464529,Other,0,0
taxid464530,Other,0,0
taxid464532,Other,0,0
taxid464533,Other,0,0
taxid464536,Other,0,0
taxid464537,Other,0,0
taxid464538,Other,0,0
taxid464539,Other,0,0
taxid464540,Other,0,0
taxid464543,Other,0,0
taxid464544,Other,0,0
taxid464545,Other,0,0
taxid464546,Other,0,0
taxid464548,Other,0,0
taxid464550,Other,0,0
taxid464552,Other,0,0
taxid464554,Other,0,0
taxid464555,Other,0,0
taxid464556,Other,0,0
taxid464559,Other,0,0
taxid464560,Other,0,0
taxid464561,Other,0,0
taxid464563,Other,0,0
taxid464565,Other,0,0
taxid464567,Other,0,0
taxid464569,Other,0,0
taxid464571,Other,0,0
taxid464572,Other,0,0
taxid464573,Other,0,0
taxid464575,Other,0,0
taxid464576,Other,0,0
taxid464577,Other,0,0
taxid464578,Other,0,0
taxid464579,Other,0,0
taxid464580,Other,0,0
taxid464581,Other,0,0
taxid464582,Other,0,0
taxid464583,Other,0,0
taxid464584,Other,0,0
taxid464589,Other,0,0
taxid464592,Other,0,0
taxid464594,Other,0,0
taxid464596,Other,0,0
taxid464597,Other,0,0
taxid464598,Other,0,0
taxid464599,Other,0,0
taxid464600,Other,0,0
taxid464601,Other,0,0
taxid464602,Other,0,0
taxid464603,Other,0,0
taxid464604,Other,0,0
taxid464605,Other,0,0
taxid464606,Other,0,0
taxid464607,Other,0,0
taxid464612,Other,0,0
taxid464613,Other,0,0
taxid464614,Other,0,0
taxid464618,Other,0,0
taxid464619,Other,0,0
taxid464621,Other,0,0
taxid464625,Other,0,0
taxid464630,Other,0,0
taxid464641,Other,0,0
taxid465916,Other,0,0
taxid465921,Other,0,0
taxid465959,Other,0,0
taxid465973,Other,0,0
taxid467100,Nigeria,10.00,8.00
taxid467101,Nigeria,10.00,8.00
taxid467102,Nigeria,10.00,8.00
taxid467103,Nigeria,10.00,8.00
taxid467104,Nigeria,10.00,8.00
taxid467107,Nigeria,10.00,8.00
taxid467108,Nigeria,10.00,8.00
taxid467109,Nigeria,10.00,8.00
taxid467110,Nigeria,10.00,8.00
taxid467111,Nigeria,10.00,8.00
taxid467112,Nigeria,10.00,8.00
taxid467113,Nigeria,10.00,8.00
taxid467114,Nigeria,10.00,8.00
taxid467115,Nigeria,10.00,8.00
taxid467116,Nigeria,10.00,8.00
taxid467117,Nigeria,10.00,8.00
taxid467118,Nigeria,10.00,8.00
taxid467119,Nigeria,10.00,8.00
taxid467120,Nigeria,10.00,8.00
taxid467122,Nigeria,10.00,8.00
taxid467123,Nigeria,10.00,8.00
taxid468948,Other,0,0
taxid468949,Other,0,0
taxid468951,Other,0,0
taxid468952,Other,0,0
taxid468953,Other,0,0
taxid468954,Other,0,0
taxid468955,Other,0,0
taxid468956,Other,0,0
taxid468957,Other,0,0
taxid468958,Other,0,0
taxid468960,Other,0,0
taxid468961,Other,0,0
taxid468962,Other,0,0
taxid468964,Other,0,0
taxid468965,Other,0,0
taxid468966,Other,0,0
taxid468967,Other,0,0
taxid468968,Other,0,0
taxid468969,Other,0,0
taxid468970,Other,0,0
taxid468971,Other,0,0
taxid468972,Other,0,0
taxid468973,Other,0,0
taxid468974,Other,0,0
taxid470315,Switzerland,47.00,8.00
taxid470316,Switzerland,47.00,8.00
taxid471448,Nigeria,10.00,8.00
taxid471449,Nigeria,10.00,8.00
taxid471450,Nigeria,10.00,8.00
taxid471451,Nigeria,10.00,8.00
taxid471452,Nigeria,10.00,8.00
taxid471453,Nigeria,10.00,8.00
taxid471454,Nigeria,10.00,8.00
taxid471455,Nigeria,10.00,8.00
taxid471456,Nigeria,10.00,8.00
taxid471457,Nigeria,10.00,8.00
taxid471458,Nigeria,10.00,8.00
taxid471459,Nigeria,10.00,8.00
taxid472026,Russia,60.00,100.00
taxid472505,Other,0,0
taxid472506,Other,0,0
taxid472507,Other,0,0
taxid472508,Other,0,0
taxid472509,Other,0,0
taxid472510,Other,0,0
taxid472511,Other,0,0
taxid472512,Other,0,0
taxid472513,Other,0,0
taxid472514,Other,0,0
taxid472515,Other,0,0
taxid472516,Other,0,0
taxid476273,Other,0,0
taxid478046,Egypt,27.00,30.00
taxid478047,Egypt,27.00,30.00
taxid478048,Egypt,27.00,30.00
taxid478049,Egypt,27.00,30.00
taxid478050,Egypt,27.00,30.00
taxid478051,Egypt,27.00,30.00
taxid478052,Egypt,27.00,30.00
taxid478053,Egypt,27.00,30.00
taxid478054,Egypt,27.00,30.00
taxid478055,Egypt,27.00,30.00
taxid478056,Egypt,27.00,30.00
taxid478057,Egypt,27.00,30.00
taxid478517,Kazakhstan,48,68
taxid478989,Other,0,0
taxid478990,Other,0,0
taxid478992,Other,0,0
taxid478993,Other,0,0
taxid479007,Other,0,0
taxid479008,Other,0,0
taxid479012,Other,0,0
taxid479018,Other,0,0
taxid479022,Other,0,0
taxid479023,Other,0,0
taxid479024,Other,0,0
taxid479025,Other,0,0
taxid479026,Other,0,0
taxid479027,Other,0,0
taxid479028,Other,0,0
taxid479029,Other,0,0
taxid479030,Other,0,0
taxid480919,Other,0,0
taxid481608,Other,0,0
taxid482239,China,35.00,105.00
taxid482240,China,35.00,105.00
taxid482917,Russia,60.00,100.00
taxid483267,BurkinaFaso,13.00,-2.00
taxid483268,BurkinaFaso,13.00,-2.00
taxid484390,China,35.00,105.00
taxid486273,Slovakia,48.6667,19.5
taxid487485,Romania,46.00,25.00
taxid487486,Romania,46.00,25.00
taxid487487,Romania,46.00,25.00
taxid488062,China,35.00,105.00
taxid488063,China,35.00,105.00
taxid488638,Other,0,0
taxid488858,UnitedKingdom,54,-4.5
taxid489823,Other,0,0
taxid496016,Other,0,0
taxid496018,Other,0,0
taxid496019,Other,0,0
taxid496020,Other,0,0
taxid496021,Other,0,0
taxid496022,Other,0,0
taxid496023,Other,0,0
taxid496024,Other,0,0
taxid496025,Other,0,0
taxid496026,Other,0,0
taxid496027,Other,0,0
taxid496028,Other,0,0
taxid496029,Other,0,0
taxid496030,Other,0,0
taxid496031,Other,0,0
taxid496032,Other,0,0
taxid496033,Other,0,0
taxid496034,Other,0,0
taxid496035,Other,0,0
taxid496036,Other,0,0
taxid496037,Other,0,0
taxid496038,Other,0,0
taxid496039,Other,0,0
taxid496040,Other,0,0
taxid496041,Other,0,0
taxid496042,Other,0,0
taxid496043,Other,0,0
taxid496044,Other,0,0
taxid496045,Other,0,0
taxid496046,Other,0,0
taxid496047,Other,0,0
taxid496048,Other,0,0
taxid496049,Other,0,0
taxid496050,Other,0,0
taxid496526,Egypt,27.00,30.00
taxid496527,Egypt,27.00,30.00
taxid496528,Egypt,27.00,30.00
taxid496529,Egypt,27.00,30.00
taxid496530,Egypt,27.00,30.00
taxid496531,Egypt,27.00,30.00
taxid496532,Egypt,27.00,30.00
taxid496533,Egypt,27.00,30.00
taxid496534,Egypt,27.00,30.00
taxid496535,Egypt,27.00,30.00
taxid496536,Egypt,27.00,30.00
taxid496537,Egypt,27.00,30.00
taxid496538,Egypt,27.00,30.00
taxid496539,Egypt,27.00,30.00
taxid496540,Egypt,27.00,30.00
taxid496541,Egypt,27.00,30.00
taxid496542,Egypt,27.00,30.00
taxid496543,Egypt,27.00,30.00
taxid496544,Egypt,27.00,30.00
taxid496545,Egypt,27.00,30.00
taxid496546,Egypt,27.00,30.00
taxid496547,Egypt,27.00,30.00
taxid496548,Egypt,27.00,30.00
taxid496549,Egypt,27.00,30.00
taxid496550,Egypt,27.00,30.00
taxid496551,Egypt,27.00,30.00
taxid496733,China,35.00,105.00
taxid496734,China,35.00,105.00
taxid496735,China,35.00,105.00
taxid496736,China,35.00,105.00
taxid496737,China,35.00,105.00
taxid496738,China,35.00,105.00
taxid496739,China,35.00,105.00
taxid496740,China,35.00,105.00
taxid496741,China,35.00,105.00
taxid496742,China,35.00,105.00
taxid496743,China,35.00,105.00
taxid496744,China,35.00,105.00
taxid496745,China,35.00,105.00
taxid496746,China,35.00,105.00
taxid496747,China,35.00,105.00
taxid496748,China,35.00,105.00
taxid496749,China,35.00,105.00
taxid496750,China,35.00,105.00
taxid496751,China,35.00,105.00
taxid496752,China,35.00,105.00
taxid496753,China,35.00,105.00
taxid496754,China,35.00,105.00
taxid496755,China,35.00,105.00
taxid496756,China,35.00,105.00
taxid496757,China,35.00,105.00
taxid496758,China,35.00,105.00
taxid496759,China,35.00,105.00
taxid496760,China,35.00,105.00
taxid496761,China,35.00,105.00
taxid496762,China,35.00,105.00
taxid496763,China,35.00,105.00
taxid496764,China,35.00,105.00
taxid496765,China,35.00,105.00
taxid496766,China,35.00,105.00
taxid496767,China,35.00,105.00
taxid496768,China,35.00,105.00
taxid496769,China,35.00,105.00
taxid496770,China,35.00,105.00
taxid496771,China,35.00,105.00
taxid496772,China,35.00,105.00
taxid496773,China,35.00,105.00
taxid496774,China,35.00,105.00
taxid496775,China,35.00,105.00
taxid496776,China,35.00,105.00
taxid496777,China,35.00,105.00
taxid496778,China,35.00,105.00
taxid496779,China,35.00,105.00
taxid496780,China,35.00,105.00
taxid496781,China,35.00,105.00
taxid496782,China,35.00,105.00
taxid496783,China,35.00,105.00
taxid496784,China,35.00,105.00
taxid496785,China,35.00,105.00
taxid496786,China,35.00,105.00
taxid496787,China,35.00,105.00
taxid496788,China,35.00,105.00
taxid496789,China,35.00,105.00
taxid496790,China,35.00,105.00
taxid496791,China,35.00,105.00
taxid496792,China,35.00,105.00
taxid496793,China,35.00,105.00
taxid496794,China,35.00,105.00
taxid496795,China,35.00,105.00
taxid496796,China,35.00,105.00
taxid496797,China,35.00,105.00
taxid496798,China,35.00,105.00
taxid496799,China,35.00,105.00
taxid496800,China,35.00,105.00
taxid496801,China,35.00,105.00
taxid496802,China,35.00,105.00
taxid496803,China,35.00,105.00
taxid496804,China,35.00,105.00
taxid497137,Russia,60.00,100.00
taxid497505,Egypt,27.00,30.00
taxid497506,Egypt,27.00,30.00
taxid497507,Egypt,27.00,30.00
taxid497508,Egypt,27.00,30.00
taxid497509,Egypt,27.00,30.00
taxid497811,Egypt,27.00,30.00
taxid497812,Egypt,27.00,30.00
taxid497813,Ghana,8,-2
taxid497814,Togo,8,1.1667
taxid497815,Egypt,27.00,30.00
taxid498206,Other,0,0
taxid499088,Other,0,0
taxid499543,Other,0,0
taxid499544,Other,0,0
taxid499545,Other,0,0
taxid500313,Russia,60.00,100.00
taxid501225,Russia,60.00,100.00
taxid501226,Russia,60.00,100.00
taxid502078,Other,0,0
taxid502079,SaudiArabia,25,45
taxid502080,SaudiArabia,25,45
taxid502255,China,35.00,105.00
taxid502256,China,35.00,105.00
taxid503649,Russia,60.00,100.00
taxid504445,Other,0,0
taxid504446,Other,0,0
taxid504447,Other,0,0
taxid504448,Other,0,0
taxid504449,Other,0,0
taxid504450,Other,0,0
taxid504451,Other,0,0
taxid504694,Slovakia,48.6667,19.5
taxid504695,CzechRepublic,49.75,15.00
taxid504696,CzechRepublic,49.75,15.00
taxid504697,CzechRepublic,49.75,15.00
taxid504698,CzechRepublic,49.75,15.00
taxid504700,CzechRepublic,49.75,15.00
taxid504701,CzechRepublic,49.75,15.00
taxid504702,CzechRepublic,49.75,15.00
taxid504703,CzechRepublic,49.75,15.00
taxid504704,CzechRepublic,49.75,15.00
taxid504705,CzechRepublic,49.75,15.00
taxid504706,CzechRepublic,49.75,15.00
taxid504707,CzechRepublic,49.75,15.00
taxid504708,CzechRepublic,49.75,15.00
taxid504710,Egypt,27.00,30.00
taxid504711,Egypt,27.00,30.00
taxid504712,Egypt,27.00,30.00
taxid504713,Egypt,27.00,30.00
taxid504714,Egypt,27.00,30.00
taxid504715,Egypt,27.00,30.00
taxid504716,Egypt,27.00,30.00
taxid504717,Egypt,27.00,30.00
taxid504718,Egypt,27.00,30.00
taxid504719,Egypt,27.00,30.00
taxid504720,Egypt,27.00,30.00
taxid504721,Egypt,27.00,30.00
taxid504722,Egypt,27.00,30.00
taxid504723,Egypt,27.00,30.00
taxid504724,Egypt,27.00,30.00
taxid504725,Egypt,27.00,30.00
taxid504726,Egypt,27.00,30.00
taxid504727,Egypt,27.00,30.00
taxid504912,Other,0,0
taxid504913,Other,0,0
taxid504914,Other,0,0
taxid512761,China,35.00,105.00
taxid517205,Israel,31.50,34.75
taxid518350,China,35.00,105.00
taxid518351,China,35.00,105.00
taxid519099,Other,0,0
taxid519100,Other,0,0
taxid519101,Other,0,0
taxid519102,Other,0,0
taxid519103,Other,0,0
taxid519104,Other,0,0
taxid519105,Other,0,0
taxid519106,Other,0,0
taxid519107,Other,0,0
taxid519108,Other,0,0
taxid519109,Other,0,0
taxid519110,Other,0,0
taxid522257,Egypt,27.00,30.00
taxid522258,Egypt,27.00,30.00
taxid524864,China,35.00,105.00
taxid524887,Other,0,0
taxid524889,SaudiArabia,25,45
taxid526553,Nigeria,10.00,8.00
taxid526554,Nigeria,10.00,8.00
taxid526555,Nigeria,10.00,8.00
taxid527166,Other,0,0
taxid527168,Other,0,0
taxid529020,Other,0,0
taxid529073,Russia,60.00,100.00
taxid529611,Egypt,27.00,30.00
taxid529612,Egypt,27.00,30.00
taxid529613,Egypt,27.00,30.00
taxid529614,Egypt,27.00,30.00
taxid529615,Egypt,27.00,30.00
taxid529616,Egypt,27.00,30.00
taxid533297,SaudiArabia,25,45
taxid88097,HongKong,22.25,114.18
taxid88103,HongKong,22.25,114.18
taxid88104,HongKong,22.25,114.18
taxid93838,China,35.00,105.00
EPI152044Gisaid,Egypt,27.00,30.00
