taxid,Location,Lat,Long
taxid88097,HongKong,22.25,114.18
taxid88103,HongKong,22.25,114.18
taxid88104,HongKong,22.25,114.18
taxid93838,China,35,105
taxid100834,HongKong,22.25,114.18
taxid100835,HongKong,22.25,114.18
taxid100836,HongKong,22.25,114.18
taxid100837,HongKong,22.25,114.18
taxid100838,HongKong,22.25,114.18
taxid100850,HongKong,22.25,114.18
taxid100851,HongKong,22.25,114.18
taxid100853,HongKong,22.25,114.18
taxid107423,HongKong,22.25,114.18
taxid107424,HongKong,22.25,114.18
taxid130763,HongKong,22.25,114.18
taxid132612,HongKong,22.25,114.18
taxid135658,HongKong,22.25,114.18
taxid135659,HongKong,22.25,114.18
taxid135660,HongKong,22.25,114.18
taxid135661,HongKong,22.25,114.18
taxid155218,HongKong,22.25,114.18
taxid155219,HongKong,22.25,114.18
taxid155220,HongKong,22.25,114.18
taxid155222,HongKong,22.25,114.18
taxid155223,HongKong,22.25,114.18
taxid155224,HongKong,22.25,114.18
taxid155225,HongKong,22.25,114.18
taxid155226,HongKong,22.25,114.18
taxid155227,HongKong,22.25,114.18
taxid165512,China,35,105
taxid173721,NorthEurope,62,15
taxid176671,HongKong,22.25,114.18
taxid176672,HongKong,22.25,114.18
taxid176673,HongKong,22.25,114.18
taxid176674,HongKong,22.25,114.18
taxid176675,HongKong,22.25,114.18
taxid176676,HongKong,22.25,114.18
taxid176677,HongKong,22.25,114.18
taxid176850,HongKong,22.25,114.18
taxid176851,HongKong,22.25,114.18
taxid182781,HongKong,22.25,114.18
taxid182782,HongKong,22.25,114.18
taxid186166,HongKong,22.25,114.18
taxid186167,HongKong,22.25,114.18
taxid186168,HongKong,22.25,114.18
taxid196425,HongKong,22.25,114.18
taxid196426,HongKong,22.25,114.18
taxid196427,HongKong,22.25,114.18
taxid196428,HongKong,22.25,114.18
taxid196430,HongKong,22.25,114.18
taxid196434,HongKong,22.25,114.18
taxid196435,HongKong,22.25,114.18
taxid196436,HongKong,22.25,114.18
taxid196441,HongKong,22.25,114.18
taxid196445,HongKong,22.25,114.18
taxid196446,HongKong,22.25,114.18
taxid196447,HongKong,22.25,114.18
taxid196448,HongKong,22.25,114.18
taxid196451,HongKong,22.25,114.18
taxid197012,China,35,105
taxid222140,HongKong,22.25,114.18
taxid222142,HongKong,22.25,114.18
taxid222144,HongKong,22.25,114.18
taxid222146,HongKong,22.25,114.18
taxid222147,HongKong,22.25,114.18
taxid261666,China,35,105
taxid266093,Japan,36,138
taxid266827,Thailand,15,100
taxid266828,Thailand,15,100
taxid270223,Thailand,15,100
taxid270485,Thailand,15,100
taxid270490,Thailand,15,100
taxid270936,Thailand,15,100
taxid270945,Thailand,15,100
taxid274827,China,35,105
taxid274828,China,35,105
taxid274829,China,35,105
taxid274830,China,35,105
taxid274831,China,35,105
taxid274832,China,35,105
taxid274833,China,35,105
taxid274834,China,35,105
taxid274835,China,35,105
taxid274836,China,35,105
taxid274837,China,35,105
taxid274838,China,35,105
taxid274839,China,35,105
taxid274840,China,35,105
taxid274841,China,35,105
taxid274842,China,35,105
taxid274843,China,35,105
taxid274844,China,35,105
taxid274845,China,35,105
taxid274846,China,35,105
taxid274848,China,35,105
taxid279728,China,35,105
taxid279794,HongKong,22.25,114.18
taxid279795,HongKong,22.25,114.18
taxid279796,HongKong,22.25,114.18
taxid279797,HongKong,22.25,114.18
taxid279800,HongKong,22.25,114.18
taxid279803,HongKong,22.25,114.18
taxid283659,Thailand,15,100
taxid283660,Thailand,15,100
taxid284166,Thailand,15,100
taxid284168,HongKong,22.25,114.18
taxid284169,HongKong,22.25,114.18
taxid284172,HongKong,22.25,114.18
taxid284173,HongKong,22.25,114.18
taxid284174,HongKong,22.25,114.18
taxid284175,HongKong,22.25,114.18
taxid284176,HongKong,22.25,114.18
taxid284177,HongKong,22.25,114.18
taxid284178,HongKong,22.25,114.18
taxid284179,Indonesia,-5,120
taxid284181,Indonesia,-5,120
taxid284182,Indonesia,-5,120
taxid284183,Indonesia,-5,120
taxid284184,China,35,105
taxid284185,Thailand,15,100
taxid284186,Thailand,15,100
taxid284187,Thailand,15,100
taxid284188,Vietnam,16.17,107.83
taxid284189,Vietnam,16.17,107.83
taxid284190,Vietnam,16.17,107.83
taxid284191,Vietnam,16.17,107.83
taxid284192,Vietnam,16.17,107.83
taxid284193,Vietnam,16.17,107.83
taxid284194,Vietnam,16.17,107.83
taxid284195,China,35,105
taxid284196,China,35,105
taxid284197,China,35,105
taxid284198,China,35,105
taxid284199,China,35,105
taxid284200,Indonesia,-5,120
taxid284201,China,35,105
taxid284203,Thailand,15,100
taxid284204,Vietnam,16.17,107.83
taxid284205,China,35,105
taxid284206,China,35,105
taxid284210,Thailand,15,100
taxid284211,HongKong,22.25,114.18
taxid284212,China,35,105
taxid284213,Thailand,15,100
taxid284214,HongKong,22.25,114.18
taxid284215,China,35,105
taxid284217,Vietnam,16.17,107.83
taxid284218,Vietnam,16.17,107.83
taxid284219,Vietnam,16.17,107.83
taxid284220,Vietnam,16.17,107.83
taxid285413,Thailand,15,100
taxid285414,Thailand,15,100
taxid285415,Thailand,15,100
taxid285416,Thailand,15,100
taxid285712,China,35,105
taxid287864,China,35,105
taxid287865,China,35,105
taxid287866,Thailand,15,100
taxid288028,China,35,105
taxid291365,Japan,36,138
taxid291366,Japan,36,138
taxid291592,Japan,36,138
taxid291593,Japan,36,138
taxid295670,China,35,105
taxid295671,China,35,105
taxid297793,Thailand,15,100
taxid298603,China,35,105
taxid299129,Thailand,15,100
taxid299387,Vietnam,16.17,107.83
taxid299619,Thailand,15,100
taxid299620,Thailand,15,100
taxid299730,Vietnam,16.17,107.83
taxid299731,Vietnam,16.17,107.83
taxid299732,Vietnam,16.17,107.83
taxid299733,Vietnam,16.17,107.83
taxid299734,Vietnam,16.17,107.83
taxid299735,Vietnam,16.17,107.83
taxid299736,Vietnam,16.17,107.83
taxid300113,Vietnam,16.17,107.83
taxid300118,Vietnam,16.17,107.83
taxid300122,Vietnam,16.17,107.83
taxid300123,Vietnam,16.17,107.83
taxid301241,Thailand,15,100
taxid303316,Vietnam,16.17,107.83
taxid303922,SouthKorea,37,127.5
taxid303923,HongKong,22.25,114.18
taxid303924,SouthKorea,37,127.5
taxid303925,HongKong,22.25,114.18
taxid305398,Thailand,15,100
taxid305847,China,35,105
taxid307154,Thailand,15,100
taxid307622,China,35,105
taxid309834,China,35,105
taxid309836,China,35,105
taxid309837,China,35,105
taxid310538,Thailand,15,100
taxid311555,Vietnam,16.17,107.83
taxid311556,Vietnam,16.17,107.83
taxid319101,China,35,105
taxid319102,China,35,105
taxid319103,China,35,105
taxid319104,China,35,105
taxid319106,China,35,105
taxid320306,WestEurope,46,2
taxid322564,Thailand,15,100
taxid322565,Thailand,15,100
taxid322566,Thailand,15,100
taxid322567,Thailand,15,100
taxid326031,HongKong,22.25,114.18
taxid326490,Japan,36,138
taxid327048,Japan,36,138
taxid329266,China,35,105
taxid329384,WestEurope,46,2
taxid332192,China,35,105
taxid336092,China,35,105
taxid336093,China,35,105
taxid336094,China,35,105
taxid336095,China,35,105
taxid336232,China,35,105
taxid336233,China,35,105
taxid336234,China,35,105
taxid336235,China,35,105
taxid336236,China,35,105
taxid336237,China,35,105
taxid336238,China,35,105
taxid336239,China,35,105
taxid336240,China,35,105
taxid336241,China,35,105
taxid336242,China,35,105
taxid336243,China,35,105
taxid336244,China,35,105
taxid336245,China,35,105
taxid336246,China,35,105
taxid336247,China,35,105
taxid336248,China,35,105
taxid336249,China,35,105
taxid336250,China,35,105
taxid336251,China,35,105
taxid336302,Thailand,15,100
taxid337309,China,35,105
taxid337310,China,35,105
taxid337311,China,35,105
taxid337312,China,35,105
taxid337590,Thailand,15,100
taxid337591,Thailand,15,100
taxid337592,Thailand,15,100
taxid337593,Thailand,15,100
taxid337594,Thailand,15,100
taxid337595,Thailand,15,100
taxid337596,Thailand,15,100
taxid337597,Thailand,15,100
taxid337598,Thailand,15,100
taxid337599,Thailand,15,100
taxid337600,Thailand,15,100
taxid337601,Thailand,15,100
taxid337602,Thailand,15,100
taxid337603,Thailand,15,100
taxid337604,Thailand,15,100
taxid337605,Thailand,15,100
taxid337606,Thailand,15,100
taxid337607,Thailand,15,100
taxid337608,Thailand,15,100
taxid337609,Thailand,15,100
taxid337610,Thailand,15,100
taxid337611,Thailand,15,100
taxid337612,Thailand,15,100
taxid337613,Thailand,15,100
taxid337614,Thailand,15,100
taxid337615,Thailand,15,100
taxid337616,Thailand,15,100
taxid337617,Thailand,15,100
taxid337618,Thailand,15,100
taxid337619,Thailand,15,100
taxid337620,Thailand,15,100
taxid337621,Thailand,15,100
taxid337623,Thailand,15,100
taxid337624,Thailand,15,100
taxid337625,Thailand,15,100
taxid340001,Vietnam,16.17,107.83
taxid340002,Vietnam,16.17,107.83
taxid340003,Vietnam,16.17,107.83
taxid340006,Vietnam,16.17,107.83
taxid340007,Vietnam,16.17,107.83
taxid340010,Vietnam,16.17,107.83
taxid344595,Mongolia,46,105
taxid344596,Mongolia,46,105
taxid344597,Mongolia,46,105
taxid344598,Mongolia,46,105
taxid345295,China,35,105
taxid348156,China,35,105
taxid348599,China,35,105
taxid348600,China,35,105
taxid348601,China,35,105
taxid348602,China,35,105
taxid348603,China,35,105
taxid352375,Vietnam,16.17,107.83
taxid353252,Russia,60,100
taxid353253,Russia,60,100
taxid354085,Thailand,15,100
taxid354086,Thailand,15,100
taxid357207,Vietnam,16.17,107.83
taxid357208,Vietnam,16.17,107.83
taxid357209,Vietnam,16.17,107.83
taxid357210,Vietnam,16.17,107.83
taxid357211,Vietnam,16.17,107.83
taxid357212,Vietnam,16.17,107.83
taxid357213,Vietnam,16.17,107.83
taxid363744,Russia,60,100
taxid365068,China,35,105
taxid365069,China,35,105
taxid365070,China,35,105
taxid365071,China,35,105
taxid365073,China,35,105
taxid365074,China,35,105
taxid365075,China,35,105
taxid365076,China,35,105
taxid365077,China,35,105
taxid365078,China,35,105
taxid365079,China,35,105
taxid365080,China,35,105
taxid365081,China,35,105
taxid365082,China,35,105
taxid365083,China,35,105
taxid365084,China,35,105
taxid365085,China,35,105
taxid365086,China,35,105
taxid365087,China,35,105
taxid365088,China,35,105
taxid365089,China,35,105
taxid365090,China,35,105
taxid365091,China,35,105
taxid365092,China,35,105
taxid365093,China,35,105
taxid365094,China,35,105
taxid365095,China,35,105
taxid365096,China,35,105
taxid365097,China,35,105
taxid365098,China,35,105
taxid365099,China,35,105
taxid365100,China,35,105
taxid365101,China,35,105
taxid365102,China,35,105
taxid365103,China,35,105
taxid365104,China,35,105
taxid365105,China,35,105
taxid365106,China,35,105
taxid365107,China,35,105
taxid365108,China,35,105
taxid365109,China,35,105
taxid365110,China,35,105
taxid365111,China,35,105
taxid365112,China,35,105
taxid365113,China,35,105
taxid365114,China,35,105
taxid365115,China,35,105
taxid365116,HongKong,22.25,114.18
taxid365120,Malaysia,2.5,112.5
taxid365121,Vietnam,16.17,107.83
taxid365122,Indonesia,-5,120
taxid365124,Indonesia,-5,120
taxid365125,Indonesia,-5,120
taxid365126,Indonesia,-5,120
taxid365127,Indonesia,-5,120
taxid365129,Vietnam,16.17,107.83
taxid365130,Vietnam,16.17,107.83
taxid365132,Vietnam,16.17,107.83
taxid365133,HongKong,22.25,114.18
taxid365134,HongKong,22.25,114.18
taxid365137,Vietnam,16.17,107.83
taxid365138,China,35,105
taxid365495,Thailand,15,100
taxid365496,Thailand,15,100
taxid365497,Thailand,15,100
taxid367021,China,35,105
taxid367023,China,35,105
taxid367062,Russia,60,100
taxid367715,China,35,105
taxid367770,Thailand,15,100
taxid368859,Russia,60,100
taxid369437,Russia,60,100
taxid369438,Russia,60,100
taxid369763,Vietnam,16.17,107.83
taxid369764,Vietnam,16.17,107.83
taxid369765,Vietnam,16.17,107.83
taxid369766,China,35,105
taxid369773,China,35,105
taxid370810,China,35,105
taxid370832,Russia,60,100
taxid370847,Thailand,15,100
taxid370848,Russia,60,100
taxid372483,Russia,60,100
taxid373035,WestAfrica,10,8
taxid373132,Russia,60,100
taxid373513,SouthEurope,42.83,12.83
taxid374074,Russia,60,100
taxid374595,Russia,60,100
taxid374987,China,35,105
taxid374988,China,35,105
taxid375457,Turkey,39,35
taxid375753,Iran,32,53
taxid376709,SouthEurope,42.83,12.83
taxid376721,Russia,60,100
taxid376722,Russia,60,100
taxid376899,Mongolia,46,105
taxid378045,WestEurope,46,2
taxid378547,WestEurope,46,2
taxid380792,Vietnam,16.17,107.83
taxid380793,Vietnam,16.17,107.83
taxid380794,Vietnam,16.17,107.83
taxid380795,Vietnam,16.17,107.83
taxid380796,Indonesia,-5,120
taxid380797,Indonesia,-5,120
taxid380798,Indonesia,-5,120
taxid380799,Indonesia,-5,120
taxid380800,Indonesia,-5,120
taxid380802,Indonesia,-5,120
taxid380803,Indonesia,-5,120
taxid380805,Indonesia,-5,120
taxid380806,Indonesia,-5,120
taxid380807,Indonesia,-5,120
taxid380808,Indonesia,-5,120
taxid380809,Indonesia,-5,120
taxid380813,Indonesia,-5,120
taxid380814,Indonesia,-5,120
taxid380815,Indonesia,-5,120
taxid380817,Indonesia,-5,120
taxid380818,Indonesia,-5,120
taxid380819,Vietnam,16.17,107.83
taxid380820,Vietnam,16.17,107.83
taxid380821,Vietnam,16.17,107.83
taxid380822,Vietnam,16.17,107.83
taxid380823,Vietnam,16.17,107.83
taxid380824,Vietnam,16.17,107.83
taxid380825,Vietnam,16.17,107.83
taxid380826,Vietnam,16.17,107.83
taxid380827,Vietnam,16.17,107.83
taxid380829,Vietnam,16.17,107.83
taxid380830,Vietnam,16.17,107.83
taxid380831,Vietnam,16.17,107.83
taxid380832,Vietnam,16.17,107.83
taxid380833,Vietnam,16.17,107.83
taxid380834,Vietnam,16.17,107.83
taxid380835,Vietnam,16.17,107.83
taxid380836,Vietnam,16.17,107.83
taxid380837,Vietnam,16.17,107.83
taxid380838,Vietnam,16.17,107.83
taxid380839,Vietnam,16.17,107.83
taxid380840,Indonesia,-5,120
taxid380841,Vietnam,16.17,107.83
taxid380842,Vietnam,16.17,107.83
taxid380843,Vietnam,16.17,107.83
taxid380844,Vietnam,16.17,107.83
taxid380845,Vietnam,16.17,107.83
taxid380847,Vietnam,16.17,107.83
taxid380848,Vietnam,16.17,107.83
taxid380849,Vietnam,16.17,107.83
taxid380850,Vietnam,16.17,107.83
taxid380851,Vietnam,16.17,107.83
taxid380852,Vietnam,16.17,107.83
taxid380853,Vietnam,16.17,107.83
taxid380854,Vietnam,16.17,107.83
taxid380855,Vietnam,16.17,107.83
taxid380856,Vietnam,16.17,107.83
taxid380857,Vietnam,16.17,107.83
taxid380858,Vietnam,16.17,107.83
taxid380861,Vietnam,16.17,107.83
taxid380862,Vietnam,16.17,107.83
taxid380863,Vietnam,16.17,107.83
taxid380864,Vietnam,16.17,107.83
taxid380865,Vietnam,16.17,107.83
taxid380867,Indonesia,-5,120
taxid380868,Vietnam,16.17,107.83
taxid380869,Vietnam,16.17,107.83
taxid380870,Indonesia,-5,120
taxid380871,Indonesia,-5,120
taxid380872,Vietnam,16.17,107.83
taxid381000,Indonesia,-5,120
taxid382642,China,35,105
taxid382643,China,35,105
taxid384064,Thailand,15,100
taxid384846,EastEurope,49,32
taxid385215,WestAfrica,10,8
taxid385216,WestAfrica,10,8
taxid385217,WestAfrica,10,8
taxid385218,WestAfrica,10,8
taxid385219,WestAfrica,10,8
taxid385220,WestAfrica,10,8
taxid386438,WestEurope,46,2
taxid386630,Japan,36,138
taxid387904,WestAfrica,10,8
taxid388110,Afghanistan,33,65
taxid389220,Russia,60,100
taxid389221,Russia,60,100
taxid390143,China,35,105
taxid391617,WestEurope,46,2
taxid391628,Mongolia,46,105
taxid391954,Turkey,39,35
taxid391955,Turkey,39,35
taxid392001,China,35,105
taxid392002,China,35,105
taxid392003,China,35,105
taxid392751,China,35,105
taxid392752,Indonesia,-5,120
taxid392753,Indonesia,-5,120
taxid392754,Vietnam,16.17,107.83
taxid392758,Vietnam,16.17,107.83
taxid393051,Iraq,33,44
taxid393052,Iraq,33,44
taxid393058,China,35,105
taxid393174,SouthEurope,42.83,12.83
taxid394194,Russia,60,100
taxid394195,Russia,60,100
taxid394327,Israel,31.5,34.75
taxid394329,Israel,31.5,34.75
taxid395335,NorthAfrica,27,30
taxid395337,NorthAfrica,27,30
taxid395338,NorthAfrica,27,30
taxid395339,NorthAfrica,27,30
taxid395350,India,20,77
taxid397458,Russia,60,100
taxid398069,Vietnam,16.17,107.83
taxid398070,Indonesia,-5,120
taxid398319,Thailand,15,100
taxid398325,Thailand,15,100
taxid398581,China,35,105
taxid399312,Russia,60,100
taxid399313,Russia,60,100
taxid399785,China,35,105
taxid399786,China,35,105
taxid400253,WestAfrica,10,8
taxid400254,WestAfrica,10,8
taxid400256,SouthEurope,42.83,12.83
taxid400257,WestAfrica,10,8
taxid400258,WestAfrica,10,8
taxid400259,NorthAfrica,27,30
taxid400260,NorthAfrica,27,30
taxid400261,EastEurope,49,32
taxid400262,EastEurope,49,32
taxid400263,Vietnam,16.17,107.83
taxid400264,Vietnam,16.17,107.83
taxid400265,Vietnam,16.17,107.83
taxid400266,Vietnam,16.17,107.83
taxid400267,Vietnam,16.17,107.83
taxid400268,Vietnam,16.17,107.83
taxid400269,Vietnam,16.17,107.83
taxid400270,Vietnam,16.17,107.83
taxid400271,Vietnam,16.17,107.83
taxid400273,Vietnam,16.17,107.83
taxid400274,Vietnam,16.17,107.83
taxid400275,Vietnam,16.17,107.83
taxid400276,Vietnam,16.17,107.83
taxid400283,WestAfrica,10,8
taxid400284,WestAfrica,10,8
taxid400285,WestAfrica,10,8
taxid400286,WestAfrica,10,8
taxid400287,WestAfrica,10,8
taxid400288,WestAfrica,10,8
taxid400788,Indonesia,-5,120
taxid400789,Indonesia,-5,120
taxid400790,Indonesia,-5,120
taxid400791,Indonesia,-5,120
taxid400793,Indonesia,-5,120
taxid400794,Indonesia,-5,120
taxid400795,Indonesia,-5,120
taxid400796,Indonesia,-5,120
taxid400798,Indonesia,-5,120
taxid400799,Indonesia,-5,120
taxid400800,Indonesia,-5,120
taxid400801,Indonesia,-5,120
taxid400802,Indonesia,-5,120
taxid400805,Indonesia,-5,120
taxid400806,Indonesia,-5,120
taxid400807,Indonesia,-5,120
taxid400808,Indonesia,-5,120
taxid400809,Indonesia,-5,120
taxid400810,Indonesia,-5,120
taxid400811,Indonesia,-5,120
taxid400812,Indonesia,-5,120
taxid400813,Indonesia,-5,120
taxid400814,Indonesia,-5,120
taxid400815,Indonesia,-5,120
taxid400816,Indonesia,-5,120
taxid400817,Indonesia,-5,120
taxid400818,Indonesia,-5,120
taxid400819,Indonesia,-5,120
taxid400820,Indonesia,-5,120
taxid400821,Indonesia,-5,120
taxid400822,Indonesia,-5,120
taxid400823,Indonesia,-5,120
taxid400824,Indonesia,-5,120
taxid400825,Indonesia,-5,120
taxid400826,Indonesia,-5,120
taxid400827,Indonesia,-5,120
taxid400828,Indonesia,-5,120
taxid400829,Indonesia,-5,120
taxid400830,Indonesia,-5,120
taxid400831,Indonesia,-5,120
taxid400832,Indonesia,-5,120
taxid400833,Indonesia,-5,120
taxid400834,Indonesia,-5,120
taxid401565,Indonesia,-5,120
taxid401566,Indonesia,-5,120
taxid401567,Indonesia,-5,120
taxid402527,NorthEurope,62,15
taxid404142,China,35,105
taxid404146,China,35,105
taxid404147,China,35,105
taxid404149,China,35,105
taxid404150,China,35,105
taxid404151,China,35,105
taxid404153,China,35,105
taxid404154,China,35,105
taxid404155,China,35,105
taxid404156,China,35,105
taxid404159,China,35,105
taxid404160,China,35,105
taxid404162,China,35,105
taxid404163,China,35,105
taxid404164,China,35,105
taxid404165,China,35,105
taxid404166,China,35,105
taxid404167,China,35,105
taxid404169,China,35,105
taxid404171,China,35,105
taxid404172,China,35,105
taxid404173,China,35,105
taxid404174,China,35,105
taxid404177,China,35,105
taxid404178,China,35,105
taxid404179,China,35,105
taxid404180,China,35,105
taxid404182,China,35,105
taxid404183,China,35,105
taxid404184,China,35,105
taxid404185,China,35,105
taxid404186,China,35,105
taxid404187,China,35,105
taxid404188,China,35,105
taxid404189,China,35,105
taxid404190,China,35,105
taxid404191,China,35,105
taxid404408,China,35,105
taxid406790,WestAfrica,10,8
taxid406791,WestAfrica,10,8
taxid407369,NorthAfrica,27,30
taxid407394,China,35,105
taxid407395,HongKong,22.25,114.18
taxid407396,China,35,105
taxid407397,China,35,105
taxid407399,China,35,105
taxid407400,China,35,105
taxid407401,China,35,105
taxid407403,China,35,105
taxid407405,China,35,105
taxid407406,China,35,105
taxid407407,China,35,105
taxid407408,China,35,105
taxid407409,China,35,105
taxid407410,China,35,105
taxid407411,China,35,105
taxid407416,China,35,105
taxid407418,China,35,105
taxid407420,China,35,105
taxid407422,China,35,105
taxid407424,China,35,105
taxid407425,China,35,105
taxid407430,China,35,105
taxid407431,China,35,105
taxid407432,China,35,105
taxid407433,China,35,105
taxid407434,China,35,105
taxid407436,HongKong,22.25,114.18
taxid407437,HongKong,22.25,114.18
taxid407440,China,35,105
taxid407441,China,35,105
taxid407442,China,35,105
taxid407444,HongKong,22.25,114.18
taxid407445,HongKong,22.25,114.18
taxid407446,HongKong,22.25,114.18
taxid407447,HongKong,22.25,114.18
taxid407448,HongKong,22.25,114.18
taxid407449,China,35,105
taxid407451,China,35,105
taxid407452,China,35,105
taxid407453,China,35,105
taxid407455,China,35,105
taxid407456,China,35,105
taxid407466,China,35,105
taxid407467,China,35,105
taxid407468,China,35,105
taxid407469,China,35,105
taxid407471,China,35,105
taxid407475,China,35,105
taxid407478,China,35,105
taxid407479,China,35,105
taxid407480,China,35,105
taxid407481,China,35,105
taxid407487,China,35,105
taxid407489,China,35,105
taxid407490,China,35,105
taxid407491,China,35,105
taxid407492,China,35,105
taxid407494,China,35,105
taxid407496,China,35,105
taxid407499,China,35,105
taxid407500,China,35,105
taxid407503,China,35,105
taxid407504,China,35,105
taxid407506,China,35,105
taxid407508,China,35,105
taxid407512,China,35,105
taxid407515,China,35,105
taxid407518,China,35,105
taxid407521,China,35,105
taxid407523,China,35,105
taxid407525,China,35,105
taxid407528,China,35,105
taxid407530,China,35,105
taxid407531,China,35,105
taxid407532,China,35,105
taxid407533,China,35,105
taxid407534,China,35,105
taxid407544,China,35,105
taxid407548,China,35,105
taxid407555,China,35,105
taxid407564,China,35,105
taxid407566,China,35,105
taxid407573,China,35,105
taxid407582,China,35,105
taxid407586,China,35,105
taxid407587,China,35,105
taxid407595,China,35,105
taxid407605,China,35,105
taxid407607,China,35,105
taxid407613,China,35,105
taxid407617,China,35,105
taxid407621,China,35,105
taxid407622,China,35,105
taxid407625,China,35,105
taxid407627,China,35,105
taxid407642,China,35,105
taxid407645,China,35,105
taxid407647,China,35,105
taxid407648,China,35,105
taxid407649,China,35,105
taxid407656,China,35,105
taxid407661,China,35,105
taxid407662,China,35,105
taxid407663,China,35,105
taxid407664,China,35,105
taxid407665,China,35,105
taxid407667,China,35,105
taxid407669,China,35,105
taxid407671,China,35,105
taxid407672,China,35,105
taxid407673,China,35,105
taxid407675,China,35,105
taxid407677,China,35,105
taxid407682,China,35,105
taxid407684,China,35,105
taxid407686,China,35,105
taxid407691,China,35,105
taxid407693,China,35,105
taxid407697,China,35,105
taxid407713,China,35,105
taxid407715,China,35,105
taxid407727,China,35,105
taxid407729,China,35,105
taxid407730,China,35,105
taxid407731,China,35,105
taxid407734,China,35,105
taxid407736,China,35,105
taxid407738,China,35,105
taxid407739,China,35,105
taxid407741,China,35,105
taxid407742,China,35,105
taxid407768,China,35,105
taxid407772,China,35,105
taxid407773,China,35,105
taxid407774,China,35,105
taxid407775,China,35,105
taxid407778,China,35,105
taxid407780,China,35,105
taxid407788,China,35,105
taxid407789,China,35,105
taxid407791,China,35,105
taxid407793,HongKong,22.25,114.18
taxid407794,HongKong,22.25,114.18
taxid407795,HongKong,22.25,114.18
taxid407796,HongKong,22.25,114.18
taxid407797,HongKong,22.25,114.18
taxid407798,China,35,105
taxid407801,HongKong,22.25,114.18
taxid408165,Thailand,15,100
taxid408166,Thailand,15,100
taxid408167,Thailand,15,100
taxid408205,India,20,77
taxid408206,India,20,77
taxid413711,Mongolia,46,105
taxid413715,HongKong,22.25,114.18
taxid413716,HongKong,22.25,114.18
taxid413883,Vietnam,16.17,107.83
taxid414668,Indonesia,-5,120
taxid414669,Indonesia,-5,120
taxid414670,Indonesia,-5,120
taxid415313,Indonesia,-5,120
taxid415314,Indonesia,-5,120
taxid415315,Indonesia,-5,120
taxid415316,Indonesia,-5,120
taxid415684,WestEurope,46,2
taxid415685,WestEurope,46,2
taxid415686,WestEurope,46,2
taxid415687,WestEurope,46,2
taxid415688,WestEurope,46,2
taxid415689,WestEurope,46,2
taxid415690,WestEurope,46,2
taxid415691,WestEurope,46,2
taxid415692,WestEurope,46,2
taxid415693,WestEurope,46,2
taxid415694,WestEurope,46,2
taxid415695,WestEurope,46,2
taxid415696,WestEurope,46,2
taxid415697,WestEurope,46,2
taxid415698,WestEurope,46,2
taxid415699,WestEurope,46,2
taxid415700,WestEurope,46,2
taxid415702,WestEurope,46,2
taxid415937,Thailand,15,100
taxid415938,Thailand,15,100
taxid415939,Thailand,15,100
taxid415940,Thailand,15,100
taxid415941,Thailand,15,100
taxid415942,Thailand,15,100
taxid416367,Vietnam,16.17,107.83
taxid418868,NorthAfrica,27,30
taxid418869,NorthAfrica,27,30
taxid421466,Indonesia,-5,120
taxid421467,Indonesia,-5,120
taxid421468,Indonesia,-5,120
taxid421469,Indonesia,-5,120
taxid421471,Indonesia,-5,120
taxid421472,Indonesia,-5,120
taxid421473,Indonesia,-5,120
taxid421474,Indonesia,-5,120
taxid421475,Indonesia,-5,120
taxid421476,Indonesia,-5,120
taxid421477,Indonesia,-5,120
taxid421901,NorthAfrica,27,30
taxid425244,Canada,60,-96
taxid425624,WestEurope,46,2
taxid427425,EastEurope,49,32
taxid427426,EastEurope,49,32
taxid427773,Thailand,15,100
taxid427888,Cambodia,13,105
taxid427889,Vietnam,16.17,107.83
taxid427890,Vietnam,16.17,107.83
taxid427891,Vietnam,16.17,107.83
taxid427893,Vietnam,16.17,107.83
taxid428667,Thailand,15,100
taxid428669,Thailand,15,100
taxid428670,HongKong,22.25,114.18
taxid428671,HongKong,22.25,114.18
taxid428672,HongKong,22.25,114.18
taxid430058,NorthEurope,62,15
taxid430432,Indonesia,-5,120
taxid430433,Indonesia,-5,120
taxid430434,Cambodia,13,105
taxid430435,Cambodia,13,105
taxid430436,Cambodia,13,105
taxid430439,Cambodia,13,105
taxid430440,Cambodia,13,105
taxid430490,Russia,60,100
taxid430595,NorthAfrica,27,30
taxid430596,NorthAfrica,27,30
taxid430597,NorthAfrica,27,30
taxid430598,NorthAfrica,27,30
taxid430599,NorthAfrica,27,30
taxid430600,NorthAfrica,27,30
taxid430601,NorthAfrica,27,30
taxid430602,NorthAfrica,27,30
taxid430603,NorthAfrica,27,30
taxid430604,NorthAfrica,27,30
taxid430605,NorthAfrica,27,30
taxid430657,WestEurope,46,2
taxid430724,Thailand,15,100
taxid430725,Thailand,15,100
taxid430726,Thailand,15,100
taxid430727,Thailand,15,100
taxid430728,Thailand,15,100
taxid430729,Thailand,15,100
taxid430730,Thailand,15,100
taxid430731,Thailand,15,100
taxid430732,Thailand,15,100
taxid430733,Thailand,15,100
taxid430734,Thailand,15,100
taxid430735,Thailand,15,100
taxid430736,Thailand,15,100
taxid430737,Thailand,15,100
taxid430738,Thailand,15,100
taxid430739,Thailand,15,100
taxid430740,Thailand,15,100
taxid430741,Thailand,15,100
taxid430742,Thailand,15,100
taxid430743,Thailand,15,100
taxid430744,Thailand,15,100
taxid430745,Thailand,15,100
taxid430746,Thailand,15,100
taxid430747,Thailand,15,100
taxid431158,China,35,105
taxid431919,WestAfrica,10,8
taxid431920,WestAfrica,10,8
taxid431921,Afghanistan,33,65
taxid431922,NorthAfrica,27,30
taxid431923,Afghanistan,33,65
taxid431924,NorthAfrica,27,30
taxid431925,WestAfrica,10,8
taxid431926,Afghanistan,33,65
taxid431927,Afghanistan,33,65
taxid431994,WestAfrica,10,8
taxid431995,WestAfrica,10,8
taxid431996,WestAfrica,10,8
taxid431997,WestAfrica,10,8
taxid431998,WestAfrica,10,8
taxid431999,WestAfrica,10,8
taxid432000,WestAfrica,10,8
taxid432070,HongKong,22.25,114.18
taxid432071,Thailand,15,100
taxid432072,Thailand,15,100
taxid432073,SouthKorea,37,127.5
taxid432074,Laos,18,105
taxid432075,Vietnam,16.17,107.83
taxid432076,Vietnam,16.17,107.83
taxid432077,Vietnam,16.17,107.83
taxid432078,Vietnam,16.17,107.83
taxid432087,Thailand,15,100
taxid433435,NorthAfrica,27,30
taxid434192,Russia,60,100
taxid434193,Russia,60,100
taxid434194,Russia,60,100
taxid434195,Russia,60,100
taxid434196,Russia,60,100
taxid434197,Russia,60,100
taxid434198,Russia,60,100
taxid434334,WestAfrica,10,8
taxid434914,Thailand,15,100
taxid434915,Thailand,15,100
taxid434916,Thailand,15,100
taxid434917,Thailand,15,100
taxid438150,Vietnam,16.17,107.83
taxid438151,Vietnam,16.17,107.83
taxid438152,Vietnam,16.17,107.83
taxid438170,Vietnam,16.17,107.83
taxid438171,Vietnam,16.17,107.83
taxid438172,Vietnam,16.17,107.83
taxid438173,Vietnam,16.17,107.83
taxid438174,Vietnam,16.17,107.83
taxid438176,Vietnam,16.17,107.83
taxid438177,Vietnam,16.17,107.83
taxid438215,Vietnam,16.17,107.83
taxid438516,Canada,60,-96
taxid439576,Israel,31.5,34.75
taxid439577,Israel,31.5,34.75
taxid439578,Israel,31.5,34.75
taxid439579,Israel,31.5,34.75
taxid439580,Israel,31.5,34.75
taxid439581,Israel,31.5,34.75
taxid439582,Israel,31.5,34.75
taxid439583,Israel,31.5,34.75
taxid439584,Israel,31.5,34.75
taxid440388,Turkey,39,35
taxid440389,Turkey,39,35
taxid440390,Turkey,39,35
taxid440391,Turkey,39,35
taxid441895,India,20,77
taxid441896,India,20,77
taxid442942,Thailand,15,100
taxid442966,Russia,60,100
taxid444321,China,35,105
taxid444322,China,35,105
taxid445027,China,35,105
taxid446817,WestAfrica,10,8
taxid446818,WestAfrica,10,8
taxid446819,WestAfrica,10,8
taxid452107,NorthEurope,62,15
taxid452109,NorthEurope,62,15
taxid452110,NorthEurope,62,15
taxid452111,NorthEurope,62,15
taxid452112,NorthEurope,62,15
taxid452113,NorthEurope,62,15
taxid452114,NorthEurope,62,15
taxid452115,NorthEurope,62,15
taxid452116,NorthEurope,62,15
taxid454137,WestEurope,46,2
taxid455818,WestEurope,46,2
taxid455819,WestEurope,46,2
taxid455820,WestEurope,46,2
taxid455821,WestEurope,46,2
taxid455822,WestEurope,46,2
taxid455823,WestEurope,46,2
taxid455824,WestEurope,46,2
taxid455825,WestEurope,46,2
taxid455826,WestEurope,46,2
taxid455827,WestEurope,46,2
taxid459432,WestAfrica,10,8
taxid462711,Vietnam,16.17,107.83
taxid462712,Vietnam,16.17,107.83
taxid462713,Vietnam,16.17,107.83
taxid462714,Vietnam,16.17,107.83
taxid462715,Vietnam,16.17,107.83
taxid462716,Vietnam,16.17,107.83
taxid462717,Vietnam,16.17,107.83
taxid462718,Vietnam,16.17,107.83
taxid462719,Vietnam,16.17,107.83
taxid464314,China,35,105
taxid464315,China,35,105
taxid464445,Azerbaijan,40.5,47.5
taxid464446,Azerbaijan,40.5,47.5
taxid464447,Azerbaijan,40.5,47.5
taxid464448,Azerbaijan,40.5,47.5
taxid464449,Azerbaijan,40.5,47.5
taxid464450,NorthAfrica,27,30
taxid464451,NorthAfrica,27,30
taxid464452,Iraq,33,44
taxid464455,Iraq,33,44
taxid464457,WestAfrica,10,8
taxid464458,NorthAfrica,27,30
taxid464459,NorthAfrica,27,30
taxid464460,NorthAfrica,27,30
taxid464499,Indonesia,-5,120
taxid464502,Indonesia,-5,120
taxid464503,Indonesia,-5,120
taxid464507,Indonesia,-5,120
taxid464509,Indonesia,-5,120
taxid464510,Indonesia,-5,120
taxid464511,Indonesia,-5,120
taxid464512,Indonesia,-5,120
taxid464513,Indonesia,-5,120
taxid464514,Indonesia,-5,120
taxid464515,Indonesia,-5,120
taxid464516,Indonesia,-5,120
taxid464517,Indonesia,-5,120
taxid464518,Indonesia,-5,120
taxid464519,Indonesia,-5,120
taxid464520,Indonesia,-5,120
taxid464521,Indonesia,-5,120
taxid464522,Indonesia,-5,120
taxid464523,Indonesia,-5,120
taxid464524,Indonesia,-5,120
taxid464525,Indonesia,-5,120
taxid464526,Indonesia,-5,120
taxid464527,Indonesia,-5,120
taxid464528,Indonesia,-5,120
taxid464529,Indonesia,-5,120
taxid464530,Indonesia,-5,120
taxid464531,Indonesia,-5,120
taxid464534,Indonesia,-5,120
taxid464535,Laos,18,105
taxid464536,Laos,18,105
taxid464537,Laos,18,105
taxid464538,Laos,18,105
taxid464541,Indonesia,-5,120
taxid464542,Indonesia,-5,120
taxid464544,Indonesia,-5,120
taxid464547,Indonesia,-5,120
taxid464549,Indonesia,-5,120
taxid464551,Indonesia,-5,120
taxid464553,Indonesia,-5,120
taxid464557,Indonesia,-5,120
taxid464558,Indonesia,-5,120
taxid464562,Indonesia,-5,120
taxid464564,Indonesia,-5,120
taxid464566,Indonesia,-5,120
taxid464568,Indonesia,-5,120
taxid464570,Indonesia,-5,120
taxid464574,Indonesia,-5,120
taxid464590,Indonesia,-5,120
taxid464593,Indonesia,-5,120
taxid464594,Indonesia,-5,120
taxid464595,Indonesia,-5,120
taxid464612,Indonesia,-5,120
taxid464617,Indonesia,-5,120
taxid464620,Indonesia,-5,120
taxid464624,Indonesia,-5,120
taxid464629,Indonesia,-5,120
taxid465916,USA,38,-98
taxid465921,USA,38,-98
taxid465959,USA,38,-98
taxid465973,USA,38,-98
taxid468948,Indonesia,-5,120
taxid468949,Indonesia,-5,120
taxid468951,Indonesia,-5,120
taxid468952,Indonesia,-5,120
taxid468953,Indonesia,-5,120
taxid468954,Indonesia,-5,120
taxid468955,Indonesia,-5,120
taxid468956,Indonesia,-5,120
taxid468957,Indonesia,-5,120
taxid468958,Indonesia,-5,120
taxid468959,Indonesia,-5,120
taxid468960,Indonesia,-5,120
taxid468961,Indonesia,-5,120
taxid468962,Indonesia,-5,120
taxid468963,Indonesia,-5,120
taxid468964,Indonesia,-5,120
taxid468965,Indonesia,-5,120
taxid468966,Indonesia,-5,120
taxid468967,Indonesia,-5,120
taxid468968,Indonesia,-5,120
taxid468969,Indonesia,-5,120
taxid468970,Indonesia,-5,120
taxid468971,Indonesia,-5,120
taxid468972,Indonesia,-5,120
taxid468973,Indonesia,-5,120
taxid468974,Indonesia,-5,120
taxid470315,WestEurope,46,2
taxid470316,WestEurope,46,2
taxid471448,WestAfrica,10,8
taxid471449,WestAfrica,10,8
taxid471450,WestAfrica,10,8
taxid471451,WestAfrica,10,8
taxid471452,WestAfrica,10,8
taxid471453,WestAfrica,10,8
taxid471454,WestAfrica,10,8
taxid471455,WestAfrica,10,8
taxid471456,WestAfrica,10,8
taxid471457,WestAfrica,10,8
taxid471458,WestAfrica,10,8
taxid471459,WestAfrica,10,8
taxid472026,Russia,60,100
taxid475878,India,20,77
taxid478517,Kazakhstan,48,68
taxid478989,Vietnam,16.17,107.83
taxid478990,Vietnam,16.17,107.83
taxid478992,Vietnam,16.17,107.83
taxid478993,Vietnam,16.17,107.83
taxid479007,Vietnam,16.17,107.83
taxid479008,Vietnam,16.17,107.83
taxid479012,Vietnam,16.17,107.83
taxid479018,Vietnam,16.17,107.83
taxid479022,SouthKorea,37,127.5
taxid479023,SouthKorea,37,127.5
taxid479024,SouthKorea,37,127.5
taxid479025,SouthKorea,37,127.5
taxid479026,SouthKorea,37,127.5
taxid479027,SouthKorea,37,127.5
taxid479028,SouthKorea,37,127.5
taxid479029,SouthKorea,37,127.5
taxid479030,SouthKorea,37,127.5
taxid480919,Thailand,15,100
taxid481608,Thailand,15,100
taxid482239,China,35,105
taxid482240,China,35,105
taxid482917,Russia,60,100
taxid483267,WestAfrica,10,8
taxid483268,WestAfrica,10,8
taxid484390,China,35,105
taxid486273,EastEurope,49,32
taxid488062,China,35,105
taxid488063,China,35,105
taxid488638,Vietnam,16.17,107.83
taxid488858,NorthEurope,62,15
taxid496016,USA,38,-98
taxid496018,Vietnam,16.17,107.83
taxid496019,Vietnam,16.17,107.83
taxid496020,Vietnam,16.17,107.83
taxid496021,Vietnam,16.17,107.83
taxid496022,Vietnam,16.17,107.83
taxid496023,Vietnam,16.17,107.83
taxid496024,Vietnam,16.17,107.83
taxid496025,Vietnam,16.17,107.83
taxid496026,Vietnam,16.17,107.83
taxid496027,Vietnam,16.17,107.83
taxid496028,Vietnam,16.17,107.83
taxid496029,Vietnam,16.17,107.83
taxid496030,Vietnam,16.17,107.83
taxid496031,Vietnam,16.17,107.83
taxid496032,Vietnam,16.17,107.83
taxid496033,Vietnam,16.17,107.83
taxid496034,Vietnam,16.17,107.83
taxid496035,Vietnam,16.17,107.83
taxid496036,Vietnam,16.17,107.83
taxid496037,Vietnam,16.17,107.83
taxid496038,Vietnam,16.17,107.83
taxid496039,Vietnam,16.17,107.83
taxid496040,Vietnam,16.17,107.83
taxid496041,Vietnam,16.17,107.83
taxid496042,Vietnam,16.17,107.83
taxid496043,Vietnam,16.17,107.83
taxid496044,Vietnam,16.17,107.83
taxid496045,Vietnam,16.17,107.83
taxid496046,Vietnam,16.17,107.83
taxid496047,Vietnam,16.17,107.83
taxid496048,Vietnam,16.17,107.83
taxid496049,Vietnam,16.17,107.83
taxid496050,Vietnam,16.17,107.83
taxid496733,China,35,105
taxid496734,China,35,105
taxid496735,China,35,105
taxid496736,China,35,105
taxid496737,China,35,105
taxid496738,China,35,105
taxid496739,China,35,105
taxid496740,China,35,105
taxid496741,China,35,105
taxid496742,China,35,105
taxid496743,China,35,105
taxid496744,China,35,105
taxid496745,China,35,105
taxid496746,China,35,105
taxid496747,China,35,105
taxid496748,China,35,105
taxid496749,China,35,105
taxid496750,China,35,105
taxid496751,China,35,105
taxid496752,China,35,105
taxid496753,China,35,105
taxid496754,China,35,105
taxid496755,China,35,105
taxid496756,China,35,105
taxid496757,China,35,105
taxid496758,China,35,105
taxid496759,China,35,105
taxid496760,China,35,105
taxid496761,China,35,105
taxid496762,China,35,105
taxid496763,China,35,105
taxid496764,China,35,105
taxid496765,China,35,105
taxid496766,China,35,105
taxid496767,China,35,105
taxid496768,China,35,105
taxid496769,China,35,105
taxid496770,China,35,105
taxid496771,China,35,105
taxid496772,China,35,105
taxid496773,China,35,105
taxid496774,China,35,105
taxid496775,China,35,105
taxid496776,China,35,105
taxid496777,China,35,105
taxid496778,China,35,105
taxid496779,China,35,105
taxid496780,China,35,105
taxid496781,China,35,105
taxid496782,China,35,105
taxid496783,China,35,105
taxid496784,China,35,105
taxid496785,China,35,105
taxid496786,China,35,105
taxid496787,China,35,105
taxid496791,China,35,105
taxid496792,China,35,105
taxid496793,China,35,105
taxid496794,China,35,105
taxid496795,China,35,105
taxid496796,China,35,105
taxid496797,China,35,105
taxid496798,China,35,105
taxid496799,China,35,105
taxid496800,China,35,105
taxid496801,China,35,105
taxid496802,China,35,105
taxid496803,China,35,105
taxid496804,China,35,105
taxid496805,China,35,105
taxid497137,Russia,60,100
taxid499088,Malaysia,2.5,112.5
taxid499543,Pakistan,30,70
taxid499544,Pakistan,30,70
taxid499545,Pakistan,30,70
taxid500313,Russia,60,100
taxid501225,Russia,60,100
taxid501226,Russia,60,100
taxid502079,SaudiArabia,25,45
taxid502080,SaudiArabia,25,45
taxid502255,China,35,105
taxid502256,China,35,105
taxid503277,China,35,105
taxid503289,China,35,105
taxid503299,China,35,105
taxid503305,China,35,105
taxid503312,China,35,105
taxid503316,China,35,105
taxid503319,China,35,105
taxid503320,China,35,105
taxid503321,China,35,105
taxid503339,China,35,105
taxid503340,China,35,105
taxid503343,China,35,105
taxid503649,Russia,60,100
taxid504445,Kuwait,29.5,47.75
taxid504446,Kuwait,29.5,47.75
taxid504447,Kuwait,29.5,47.75
taxid504448,Kuwait,29.5,47.75
taxid504449,Kuwait,29.5,47.75
taxid504450,Kuwait,29.5,47.75
taxid504451,Kuwait,29.5,47.75
taxid504694,EastEurope,49,32
taxid504695,EastEurope,49,32
taxid504696,EastEurope,49,32
taxid504697,EastEurope,49,32
taxid504698,EastEurope,49,32
taxid504699,EastEurope,49,32
taxid504703,EastEurope,49,32
taxid504708,EastEurope,49,32
taxid512761,China,35,105
taxid517205,Israel,31.5,34.75
taxid518350,China,35,105
taxid518351,China,35,105
taxid519099,Thailand,15,100
taxid519100,Thailand,15,100
taxid519101,Thailand,15,100
taxid519102,Thailand,15,100
taxid519103,Thailand,15,100
taxid519104,Thailand,15,100
taxid519105,Thailand,15,100
taxid519106,Thailand,15,100
taxid519107,Thailand,15,100
taxid519108,Thailand,15,100
taxid519109,Thailand,15,100
taxid519110,Thailand,15,100
taxid524864,China,35,105
taxid524887,Laos,18,105
taxid526553,WestAfrica,10,8
taxid526554,WestAfrica,10,8
taxid526555,WestAfrica,10,8
taxid527166,Kuwait,29.5,47.75
taxid527168,Japan,36,138
taxid529073,Russia,60,100
taxid529612,NorthAfrica,27,30
taxid529613,NorthAfrica,27,30
taxid529614,NorthAfrica,27,30
taxid529615,NorthAfrica,27,30
taxid529616,NorthAfrica,27,30
taxid533297,SaudiArabia,25,45
