Taxid,Location,Lat,Long
taxid412970,BurkinaFaso,13,-2
taxid412971,BurkinaFaso,13,-2
taxid412973,BurkinaFaso,13,-2
taxid412974,BurkinaFaso,13,-2
taxid400257,CotedIvoire,8,-5
taxid400258,CotedIvoire,8,-5
taxid368859,Crimea,51.49,92.53
taxid369438,Crimea,51.49,92.53
taxid370832,Crimea,51.49,92.53
taxid370848,Crimea,51.49,92.53
taxid391954,Crimea,51.49,92.53
taxid391955,Crimea,51.49,92.53
taxid396336,Crimea,51.49,92.53
taxid396337,Crimea,51.49,92.53
taxid396338,Crimea,51.49,92.53
taxid396340,Crimea,51.49,92.53
taxid396341,Crimea,51.49,92.53
taxid376614,Egypt,27,30
taxid378550,Egypt,27,30
taxid393295,Egypt,27,30
taxid393296,Egypt,27,30
taxid393297,Egypt,27,30
taxid395335,Egypt,27,30
taxid395339,Egypt,27,30
taxid407369,Egypt,27,30
taxid409924,Egypt,27,30
taxid409925,Egypt,27,30
taxid409927,Egypt,27,30
taxid409928,Egypt,27,30
taxid409929,Egypt,27,30
taxid409930,Egypt,27,30
taxid409931,Egypt,27,30
taxid409942,Egypt,27,30
taxid409944,Egypt,27,30
taxid274827,Fujian,26.55,117.84
taxid274828,Fujian,26.55,117.84
taxid274829,Fujian,26.55,117.84
taxid274830,Fujian,26.55,117.84
taxid295671,Fujian,26.55,117.84
taxid336249,Fujian,26.55,117.84
taxid365068,Fujian,26.55,117.84
taxid365069,Fujian,26.55,117.84
taxid404184,Fujian,26.55,117.84
taxid407397,Fujian,26.55,117.84
taxid407398,Fujian,26.55,117.84
taxid407399,Fujian,26.55,117.84
taxid407400,Fujian,26.55,117.84
taxid407401,Fujian,26.55,117.84
taxid407403,Fujian,26.55,117.84
taxid407453,Fujian,26.55,117.84
taxid407456,Fujian,26.55,117.84
taxid407466,Fujian,26.55,117.84
taxid93838,Guangdong,23,113
taxid274831,Guangdong,23,113
taxid274832,Guangdong,23,113
taxid274833,Guangdong,23,113
taxid274834,Guangdong,23,113
taxid274835,Guangdong,23,113
taxid279728,Guangdong,23,113
taxid309834,Guangdong,23,113
taxid309836,Guangdong,23,113
taxid309837,Guangdong,23,113
taxid336246,Guangdong,28.97,117.92
taxid336247,Guangdong,28.97,117.92
taxid336248,Guangdong,28.97,117.92
taxid365107,Guangdong,28.97,117.92
taxid365108,Guangdong,28.97,117.92
taxid399785,Guangdong,28.97,117.92
taxid399786,Guangdong,28.97,117.92
taxid404185,Guangdong,28.97,117.92
taxid407394,Guangdong,28.97,117.92
taxid407440,Guangdong,28.97,117.92
taxid407441,Guangdong,28.97,117.92
taxid407627,Guangdong,28.97,117.92
taxid407734,Guangdong,28.97,117.92
taxid407736,Guangdong,28.97,117.92
taxid407738,Guangdong,28.97,117.92
taxid407739,Guangdong,28.97,117.92
taxid407741,Guangdong,28.97,117.92
taxid407798,Guangdong,28.97,117.92
taxid274836,Guangxi,24,109
taxid274837,Guangxi,24,109
taxid274838,Guangxi,24,109
taxid274839,Guangxi,24,109
taxid274840,Guangxi,24,109
taxid365070,Guangxi,24,109
taxid365071,Guangxi,24,109
taxid365073,Guangxi,24,109
taxid365074,Guangxi,24,109
taxid365076,Guangxi,24,109
taxid365077,Guangxi,24,109
taxid365078,Guangxi,24,109
taxid365079,Guangxi,24,109
taxid365080,Guangxi,24,109
taxid365081,Guangxi,24,109
taxid365082,Guangxi,24,109
taxid365083,Guangxi,24,109
taxid365084,Guangxi,24,109
taxid365085,Guangxi,24,109
taxid365086,Guangxi,24,109
taxid365087,Guangxi,24,109
taxid365088,Guangxi,24,109
taxid365089,Guangxi,24,109
taxid365090,Guangxi,24,109
taxid365091,Guangxi,24,109
taxid365092,Guangxi,24,109
taxid365093,Guangxi,24,109
taxid404187,Guangxi,24,109
taxid404190,Guangxi,24,109
taxid407405,Guangxi,24,109
taxid407406,Guangxi,24,109
taxid407407,Guangxi,24,109
taxid407408,Guangxi,24,109
taxid407409,Guangxi,24,109
taxid407411,Guangxi,24,109
taxid407475,Guangxi,24,109
taxid407479,Guangxi,24,109
taxid407481,Guangxi,24,109
taxid407487,Guangxi,24,109
taxid407489,Guangxi,24,109
taxid407490,Guangxi,24,109
taxid407491,Guangxi,24,109
taxid407492,Guangxi,24,109
taxid407496,Guangxi,24,109
taxid407499,Guangxi,24,109
taxid407500,Guangxi,24,109
taxid407503,Guangxi,24,109
taxid407504,Guangxi,24,109
taxid407506,Guangxi,24,109
taxid407508,Guangxi,24,109
taxid407518,Guangxi,24,109
taxid407525,Guangxi,24,109
taxid407528,Guangxi,24,109
taxid407533,Guangxi,24,109
taxid407664,Guangxi,24,109
taxid407665,Guangxi,24,109
taxid407667,Guangxi,24,109
taxid407669,Guangxi,24,109
taxid407671,Guangxi,24,109
taxid407672,Guangxi,24,109
taxid407673,Guangxi,24,109
taxid407677,Guangxi,24,109
taxid407681,Guangxi,24,109
taxid407682,Guangxi,24,109
taxid407686,Guangxi,24,109
taxid407415,Guizhou,26.15,114.62
taxid407420,Guizhou,26.15,114.62
taxid407424,Guizhou,26.15,114.62
taxid407425,Guizhou,26.15,114.62
taxid407430,Guizhou,26.15,114.62
taxid407431,Guizhou,26.15,114.62
taxid407433,Guizhou,26.15,114.62
taxid407434,Guizhou,26.15,114.62
taxid407435,Guizhou,26.15,114.62
taxid407536,Guizhou,26.15,114.62
taxid407540,Guizhou,26.15,114.62
taxid407555,Guizhou,26.15,114.62
taxid407564,Guizhou,26.15,114.62
taxid407566,Guizhou,26.15,114.62
taxid407573,Guizhou,26.15,114.62
taxid407582,Guizhou,26.15,114.62
taxid407586,Guizhou,26.15,114.62
taxid407587,Guizhou,26.15,114.62
taxid407688,Guizhou,26.15,114.62
taxid407689,Guizhou,26.15,114.62
taxid407713,Guizhou,26.15,114.62
taxid367021,Hebei,30.24,115.18
taxid367023,Hebei,30.24,115.18
taxid367715,Hebei,30.24,115.18
taxid332192,Henan,31.34,112.98
taxid337309,Henan,31.34,112.98
taxid337310,Henan,31.34,112.98
taxid337311,Henan,31.34,112.98
taxid337312,Henan,31.34,112.98
taxid348599,Henan,31.34,112.98
taxid348600,Henan,31.34,112.98
taxid348601,Henan,31.34,112.98
taxid404142,Henan,31.34,112.98
taxid404191,Henan,31.34,112.98
taxid88097,HongKong,22.25,114.18
taxid88103,HongKong,22.25,114.18
taxid88104,HongKong,22.25,114.18
taxid100834,HongKong,22.25,114.18
taxid100835,HongKong,22.25,114.18
taxid100836,HongKong,22.25,114.18
taxid100837,HongKong,22.25,114.18
taxid100850,HongKong,22.25,114.18
taxid100853,HongKong,22.25,114.18
taxid107423,HongKong,22.25,114.18
taxid130763,HongKong,22.25,114.18
taxid155219,HongKong,22.25,114.18
taxid155220,HongKong,22.25,114.18
taxid155223,HongKong,22.25,114.18
taxid155224,HongKong,22.25,114.18
taxid155226,HongKong,22.25,114.18
taxid279801,HongKong,22.25,114.18
taxid303923,HongKong,22.25,114.18
taxid303925,HongKong,22.25,114.18
taxid326031,HongKong,22.25,114.18
taxid365116,HongKong,22.25,114.18
taxid365133,HongKong,22.25,114.18
taxid365135,HongKong,22.25,114.18
taxid380304,HongKong,22.25,114.18
taxid407395,HongKong,22.25,114.18
taxid407436,HongKong,22.25,114.18
taxid407437,HongKong,22.25,114.18
taxid407447,HongKong,22.25,114.18
taxid407448,HongKong,22.25,114.18
taxid407793,HongKong,22.25,114.18
taxid407794,HongKong,22.25,114.18
taxid407800,HongKong,22.25,114.18
taxid288028,Hubei,36.55,114.13
taxid298603,Hubei,36.55,114.13
taxid404146,Hubei,36.55,114.13
taxid404147,Hubei,36.55,114.13
taxid404148,Hubei,36.55,114.13
taxid404149,Hubei,36.55,114.13
taxid404151,Hubei,36.55,114.13
taxid404152,Hubei,36.55,114.13
taxid404153,Hubei,36.55,114.13
taxid404154,Hubei,36.55,114.13
taxid404178,Hubei,36.55,114.13
taxid404179,Hubei,36.55,114.13
taxid305847,Hunan,26.86,117.49
taxid365095,Hunan,26.86,117.49
taxid365096,Hunan,26.86,117.49
taxid365098,Hunan,26.86,117.49
taxid365099,Hunan,26.86,117.49
taxid365102,Hunan,26.86,117.49
taxid365103,Hunan,26.86,117.49
taxid365104,Hunan,26.86,117.49
taxid365105,Hunan,26.86,117.49
taxid407607,Hunan,26.86,117.49
taxid407617,Hunan,26.86,117.49
taxid407622,Hunan,26.86,117.49
taxid284179,Indonesia,-5,120
taxid284180,Indonesia,-5,120
taxid284182,Indonesia,-5,120
taxid284183,Indonesia,-5,120
taxid284200,Indonesia,-5,120
taxid365122,Indonesia,-5,120
taxid365123,Indonesia,-5,120
taxid365124,Indonesia,-5,120
taxid365125,Indonesia,-5,120
taxid365126,Indonesia,-5,120
taxid365127,Indonesia,-5,120
taxid380798,Indonesia,-5,120
taxid380799,Indonesia,-5,120
taxid380800,Indonesia,-5,120
taxid380801,Indonesia,-5,120
taxid380803,Indonesia,-5,120
taxid380806,Indonesia,-5,120
taxid380807,Indonesia,-5,120
taxid380810,Indonesia,-5,120
taxid380811,Indonesia,-5,120
taxid380812,Indonesia,-5,120
taxid380813,Indonesia,-5,120
taxid380814,Indonesia,-5,120
taxid380815,Indonesia,-5,120
taxid380816,Indonesia,-5,120
taxid380817,Indonesia,-5,120
taxid380818,Indonesia,-5,120
taxid380840,Indonesia,-5,120
taxid380866,Indonesia,-5,120
taxid380867,Indonesia,-5,120
taxid380870,Indonesia,-5,120
taxid380871,Indonesia,-5,120
taxid381000,Indonesia,-5,120
taxid392752,Indonesia,-5,120
taxid392753,Indonesia,-5,120
taxid400795,Indonesia,-5,120
taxid400799,Indonesia,-5,120
taxid400800,Indonesia,-5,120
taxid400801,Indonesia,-5,120
taxid400805,Indonesia,-5,120
taxid400809,Indonesia,-5,120
taxid400811,Indonesia,-5,120
taxid400813,Indonesia,-5,120
taxid400814,Indonesia,-5,120
taxid400816,Indonesia,-5,120
taxid400817,Indonesia,-5,120
taxid400821,Indonesia,-5,120
taxid400823,Indonesia,-5,120
taxid400830,Indonesia,-5,120
taxid400831,Indonesia,-5,120
taxid400834,Indonesia,-5,120
taxid401566,Indonesia,-5,120
taxid374997,Iraq,33,44
taxid374998,Iraq,33,44
taxid374999,Iraq,33,44
taxid373513,Italy,42.83,12.83
taxid376709,Italy,42.83,12.83
taxid393174,Italy,42.83,12.83
taxid266093,Japan,35.24,135.08
taxid291365,Japan,35.24,135.08
taxid291366,Japan,35.24,135.08
taxid291592,Japan,35.24,135.08
taxid291593,Japan,35.24,135.08
taxid326490,Japan,35.24,135.08
taxid327048,Japan,35.24,135.08
taxid404159,Jilin,43.85,126.55
taxid404160,Jilin,43.85,126.55
taxid404161,Jilin,43.85,126.55
taxid404162,Jilin,43.85,126.55
taxid404164,Jilin,43.85,126.55
taxid404165,Jilin,43.85,126.55
taxid404166,Jilin,43.85,126.55
taxid404169,Jilin,43.85,126.55
taxid404170,Jilin,43.85,126.55
taxid404171,Jilin,43.85,126.55
taxid404172,Jilin,43.85,126.55
taxid404173,Jilin,43.85,126.55
taxid404174,Jilin,43.85,126.55
taxid404186,Jilin,43.85,126.55
taxid344595,Mongolia,46,105
taxid344596,Mongolia,46,105
taxid344597,Mongolia,46,105
taxid344598,Mongolia,46,105
taxid387904,Niger_,16,8
taxid393170,Niger_,16,8
taxid393171,Niger_,16,8
taxid373035,Nigeria,10,8
taxid385216,Nigeria,10,8
taxid385217,Nigeria,10,8
taxid385218,Nigeria,10,8
taxid385219,Nigeria,10,8
taxid385220,Nigeria,10,8
taxid385221,Nigeria,10,8
taxid400253,Nigeria,10,8
taxid400254,Nigeria,10,8
taxid400284,Nigeria,10,8
taxid400285,Nigeria,10,8
taxid400286,Nigeria,10,8
taxid400288,Nigeria,10,8
taxid353252,Novosibirsk,55.04,82.93
taxid353253,Novosibirsk,55.04,82.93
taxid396342,Novosibirsk,55.04,82.93
taxid397458,Novosibirsk,55.04,82.93
taxid173721,Other,56,-4
taxid336092,Qinghai,30.9,101.04
taxid336093,Qinghai,30.9,101.04
taxid336094,Qinghai,30.9,101.04
taxid336095,Qinghai,30.9,101.04
taxid336232,Qinghai,30.9,101.04
taxid336235,Qinghai,30.9,101.04
taxid336236,Qinghai,30.9,101.04
taxid336242,Qinghai,30.9,101.04
taxid345295,Qinghai,30.9,101.04
taxid274841,Shanghai,31.2,121.44
taxid274842,Shanghai,31.2,121.44
taxid274843,Shanghai,31.2,121.44
taxid274844,Shanghai,31.2,121.44
taxid274845,Shanghai,31.2,121.44
taxid404182,Shanghai,31.2,121.44
taxid395336,Sudan,15,30
taxid395337,Sudan,15,30
taxid395338,Sudan,15,30
taxid400259,Sudan,15,30
taxid400260,Sudan,15,30
taxid270486,Thailand,15,100
taxid270945,Thailand,15,100
taxid283659,Thailand,15,100
taxid283660,Thailand,15,100
taxid284186,Thailand,15,100
taxid284187,Thailand,15,100
taxid284203,Thailand,15,100
taxid284210,Thailand,15,100
taxid284213,Thailand,15,100
taxid287866,Thailand,15,100
taxid297793,Thailand,15,100
taxid322564,Thailand,15,100
taxid322566,Thailand,15,100
taxid337590,Thailand,15,100
taxid337591,Thailand,15,100
taxid337592,Thailand,15,100
taxid337595,Thailand,15,100
taxid337596,Thailand,15,100
taxid337597,Thailand,15,100
taxid337598,Thailand,15,100
taxid337599,Thailand,15,100
taxid337600,Thailand,15,100
taxid337601,Thailand,15,100
taxid337602,Thailand,15,100
taxid337605,Thailand,15,100
taxid337606,Thailand,15,100
taxid337607,Thailand,15,100
taxid337608,Thailand,15,100
taxid337610,Thailand,15,100
taxid337611,Thailand,15,100
taxid337612,Thailand,15,100
taxid337613,Thailand,15,100
taxid337614,Thailand,15,100
taxid337615,Thailand,15,100
taxid337616,Thailand,15,100
taxid337617,Thailand,15,100
taxid337618,Thailand,15,100
taxid337619,Thailand,15,100
taxid337621,Thailand,15,100
taxid337623,Thailand,15,100
taxid354085,Thailand,15,100
taxid365495,Thailand,15,100
taxid365496,Thailand,15,100
taxid365497,Thailand,15,100
taxid370847,Thailand,15,100
taxid398317,Thailand,15,100
taxid398320,Thailand,15,100
taxid398322,Thailand,15,100
taxid398325,Thailand,15,100
taxid398328,Thailand,15,100
taxid408165,Thailand,15,100
taxid408166,Thailand,15,100
taxid408167,Thailand,15,100
taxid284218,Vietnam,16.17,107.83
taxid299387,Vietnam,16.17,107.83
taxid303316,Vietnam,16.17,107.83
taxid311555,Vietnam,16.17,107.83
taxid311556,Vietnam,16.17,107.83
taxid352375,Vietnam,16.17,107.83
taxid357207,Vietnam,16.17,107.83
taxid357208,Vietnam,16.17,107.83
taxid357209,Vietnam,16.17,107.83
taxid357210,Vietnam,16.17,107.83
taxid357211,Vietnam,16.17,107.83
taxid357212,Vietnam,16.17,107.83
taxid357213,Vietnam,16.17,107.83
taxid365121,Vietnam,16.17,107.83
taxid365130,Vietnam,16.17,107.83
taxid365131,Vietnam,16.17,107.83
taxid365132,Vietnam,16.17,107.83
taxid380792,Vietnam,16.17,107.83
taxid380793,Vietnam,16.17,107.83
taxid380795,Vietnam,16.17,107.83
taxid380819,Vietnam,16.17,107.83
taxid380820,Vietnam,16.17,107.83
taxid380821,Vietnam,16.17,107.83
taxid380823,Vietnam,16.17,107.83
taxid380825,Vietnam,16.17,107.83
taxid380833,Vietnam,16.17,107.83
taxid380834,Vietnam,16.17,107.83
taxid380837,Vietnam,16.17,107.83
taxid380838,Vietnam,16.17,107.83
taxid380841,Vietnam,16.17,107.83
taxid380848,Vietnam,16.17,107.83
taxid380851,Vietnam,16.17,107.83
taxid380854,Vietnam,16.17,107.83
taxid380855,Vietnam,16.17,107.83
taxid380868,Vietnam,16.17,107.83
taxid380869,Vietnam,16.17,107.83
taxid380872,Vietnam,16.17,107.83
taxid392758,Vietnam,16.17,107.83
taxid400263,Vietnam,16.17,107.83
taxid400264,Vietnam,16.17,107.83
taxid400265,Vietnam,16.17,107.83
taxid400268,Vietnam,16.17,107.83
taxid400270,Vietnam,16.17,107.83
taxid400271,Vietnam,16.17,107.83
taxid400273,Vietnam,16.17,107.83
taxid400274,Vietnam,16.17,107.83
taxid400276,Vietnam,16.17,107.83
taxid413883,Vietnam,16.17,107.83
taxid336244,Yunnan,25,102
taxid407628,Yunnan,25,102
taxid407642,Yunnan,25,102
taxid407645,Yunnan,25,102
taxid407647,Yunnan,25,102
taxid407649,Yunnan,25,102
taxid407661,Yunnan,25,102
taxid407663,Yunnan,25,102
taxid407744,Yunnan,25,102
taxid407745,Yunnan,25,102
taxid407746,Yunnan,25,102
taxid407748,Yunnan,25,102
taxid407750,Yunnan,25,102
taxid407768,Yunnan,25,102
taxid407773,Yunnan,25,102
taxid407774,Yunnan,25,102
taxid407775,Yunnan,25,102
taxid407778,Yunnan,25,102
taxid407788,Yunnan,25,102
taxid407789,Yunnan,25,102
taxid407790,Yunnan,25,102
taxid407791,Yunnan,25,102
